<?xml version="1.0"?>
<gpx xmlns="http://www.topografix.com/GPX/1/1" xmlns:xsi="http://www.w3.org/2001/XMLSchema-instance" version="1.1" creator="AllTrails.com" xsi:schemaLocation="http://www.topografix.com/GPX/1/1 http://www.topografix.com/GPX/1/1/gpx.xsd">
  <metadata>
    <name><![CDATA[Morning hike at Sweetwater Trail Loop]]></name>
    <desc><![CDATA[]]></desc>
    <link href="http://www.alltrails.com">
      <text>AllTrails, LLC</text>
    </link>
    <bounds minlat="32.72041" minlon="-116.94985" maxlat="32.73453" maxlon="-116.94011"/>
  </metadata>
  <trk>
    <name><![CDATA[Morning hike at Sweetwater Trail Loop]]></name>
    <src>AllTrails</src>
    <trkseg>
      <trkpt lat="32.73381" lon="-116.94103">
        <ele>97.15</ele>
        <time>2026-04-03T16:56:17Z</time>
      </trkpt>
      <trkpt lat="32.73379" lon="-116.94097">
        <ele>96.93</ele>
        <time>2026-04-03T16:56:36Z</time>
      </trkpt>
      <trkpt lat="32.7337" lon="-116.94091">
        <ele>95.96</ele>
        <time>2026-04-03T16:58:28Z</time>
      </trkpt>
      <trkpt lat="32.73362" lon="-116.94087">
        <ele>95.1</ele>
        <time>2026-04-03T16:58:40Z</time>
      </trkpt>
      <trkpt lat="32.73355" lon="-116.94084">
        <ele>94.34</ele>
        <time>2026-04-03T16:58:50Z</time>
      </trkpt>
      <trkpt lat="32.73347" lon="-116.94081">
        <ele>94.0</ele>
        <time>2026-04-03T16:59:02Z</time>
      </trkpt>
      <trkpt lat="32.73341" lon="-116.94078">
        <ele>94.0</ele>
        <time>2026-04-03T16:59:15Z</time>
      </trkpt>
      <trkpt lat="32.73335" lon="-116.94075">
        <ele>94.0</ele>
        <time>2026-04-03T16:59:29Z</time>
      </trkpt>
      <trkpt lat="32.73326" lon="-116.9407">
        <ele>94.0</ele>
        <time>2026-04-03T16:59:57Z</time>
      </trkpt>
      <trkpt lat="32.73319" lon="-116.94068">
        <ele>94.0</ele>
        <time>2026-04-03T17:00:53Z</time>
      </trkpt>
      <trkpt lat="32.73312" lon="-116.94067">
        <ele>94.0</ele>
        <time>2026-04-03T17:01:08Z</time>
      </trkpt>
      <trkpt lat="32.73305" lon="-116.94066">
        <ele>94.05</ele>
        <time>2026-04-03T17:01:11Z</time>
      </trkpt>
      <trkpt lat="32.73299" lon="-116.94065">
        <ele>94.69</ele>
        <time>2026-04-03T17:01:15Z</time>
      </trkpt>
      <trkpt lat="32.73294" lon="-116.94059">
        <ele>95.0</ele>
        <time>2026-04-03T17:01:19Z</time>
      </trkpt>
      <trkpt lat="32.7329" lon="-116.94054">
        <ele>95.11</ele>
        <time>2026-04-03T17:01:22Z</time>
      </trkpt>
      <trkpt lat="32.73285" lon="-116.94051">
        <ele>95.6</ele>
        <time>2026-04-03T17:01:26Z</time>
      </trkpt>
      <trkpt lat="32.73281" lon="-116.94048">
        <ele>95.94</ele>
        <time>2026-04-03T17:01:30Z</time>
      </trkpt>
      <trkpt lat="32.73277" lon="-116.94045">
        <ele>96.21</ele>
        <time>2026-04-03T17:01:34Z</time>
      </trkpt>
      <trkpt lat="32.73272" lon="-116.94043">
        <ele>96.76</ele>
        <time>2026-04-03T17:01:38Z</time>
      </trkpt>
      <trkpt lat="32.73267" lon="-116.94041">
        <ele>97.0</ele>
        <time>2026-04-03T17:01:42Z</time>
      </trkpt>
      <trkpt lat="32.73262" lon="-116.94039">
        <ele>97.0</ele>
        <time>2026-04-03T17:01:46Z</time>
      </trkpt>
      <trkpt lat="32.73257" lon="-116.94037">
        <ele>97.25</ele>
        <time>2026-04-03T17:01:50Z</time>
      </trkpt>
      <trkpt lat="32.73253" lon="-116.94035">
        <ele>97.75</ele>
        <time>2026-04-03T17:01:53Z</time>
      </trkpt>
      <trkpt lat="32.7325" lon="-116.94034">
        <ele>98.0</ele>
        <time>2026-04-03T17:01:56Z</time>
      </trkpt>
      <trkpt lat="32.73246" lon="-116.94032">
        <ele>98.0</ele>
        <time>2026-04-03T17:01:59Z</time>
      </trkpt>
      <trkpt lat="32.73242" lon="-116.94031">
        <ele>98.0</ele>
        <time>2026-04-03T17:02:02Z</time>
      </trkpt>
      <trkpt lat="32.73238" lon="-116.94029">
        <ele>98.0</ele>
        <time>2026-04-03T17:02:05Z</time>
      </trkpt>
      <trkpt lat="32.73234" lon="-116.94027">
        <ele>98.08</ele>
        <time>2026-04-03T17:02:08Z</time>
      </trkpt>
      <trkpt lat="32.7323" lon="-116.94025">
        <ele>98.41</ele>
        <time>2026-04-03T17:02:11Z</time>
      </trkpt>
      <trkpt lat="32.73226" lon="-116.94023">
        <ele>98.8</ele>
        <time>2026-04-03T17:02:14Z</time>
      </trkpt>
      <trkpt lat="32.73223" lon="-116.94022">
        <ele>98.97</ele>
        <time>2026-04-03T17:02:16Z</time>
      </trkpt>
      <trkpt lat="32.7322" lon="-116.9402">
        <ele>99.0</ele>
        <time>2026-04-03T17:02:18Z</time>
      </trkpt>
      <trkpt lat="32.73218" lon="-116.94018">
        <ele>99.0</ele>
        <time>2026-04-03T17:02:20Z</time>
      </trkpt>
      <trkpt lat="32.73215" lon="-116.94017">
        <ele>99.0</ele>
        <time>2026-04-03T17:02:22Z</time>
      </trkpt>
      <trkpt lat="32.73213" lon="-116.94015">
        <ele>99.0</ele>
        <time>2026-04-03T17:02:25Z</time>
      </trkpt>
      <trkpt lat="32.73213" lon="-116.94011">
        <ele>99.0</ele>
        <time>2026-04-03T17:02:31Z</time>
      </trkpt>
      <trkpt lat="32.73212" lon="-116.94014">
        <ele>99.05</ele>
        <time>2026-04-03T17:02:38Z</time>
      </trkpt>
      <trkpt lat="32.73209" lon="-116.94016">
        <ele>99.12</ele>
        <time>2026-04-03T17:02:41Z</time>
      </trkpt>
      <trkpt lat="32.73206" lon="-116.94017">
        <ele>99.12</ele>
        <time>2026-04-03T17:02:44Z</time>
      </trkpt>
      <trkpt lat="32.73203" lon="-116.94017">
        <ele>99.23</ele>
        <time>2026-04-03T17:02:46Z</time>
      </trkpt>
      <trkpt lat="32.73199" lon="-116.94018">
        <ele>99.54</ele>
        <time>2026-04-03T17:02:48Z</time>
      </trkpt>
      <trkpt lat="32.73196" lon="-116.9402">
        <ele>99.7</ele>
        <time>2026-04-03T17:02:50Z</time>
      </trkpt>
      <trkpt lat="32.73194" lon="-116.94022">
        <ele>99.62</ele>
        <time>2026-04-03T17:02:52Z</time>
      </trkpt>
      <trkpt lat="32.73191" lon="-116.94026">
        <ele>99.19</ele>
        <time>2026-04-03T17:02:55Z</time>
      </trkpt>
      <trkpt lat="32.73189" lon="-116.9403">
        <ele>99.0</ele>
        <time>2026-04-03T17:02:58Z</time>
      </trkpt>
      <trkpt lat="32.73187" lon="-116.94033">
        <ele>99.0</ele>
        <time>2026-04-03T17:03:01Z</time>
      </trkpt>
      <trkpt lat="32.73186" lon="-116.94037">
        <ele>99.0</ele>
        <time>2026-04-03T17:03:04Z</time>
      </trkpt>
      <trkpt lat="32.73183" lon="-116.94041">
        <ele>99.13</ele>
        <time>2026-04-03T17:03:07Z</time>
      </trkpt>
      <trkpt lat="32.73181" lon="-116.94045">
        <ele>99.06</ele>
        <time>2026-04-03T17:03:10Z</time>
      </trkpt>
      <trkpt lat="32.73179" lon="-116.94048">
        <ele>99.0</ele>
        <time>2026-04-03T17:03:13Z</time>
      </trkpt>
      <trkpt lat="32.73176" lon="-116.94047">
        <ele>99.0</ele>
        <time>2026-04-03T17:03:16Z</time>
      </trkpt>
      <trkpt lat="32.73174" lon="-116.94044">
        <ele>99.25</ele>
        <time>2026-04-03T17:03:18Z</time>
      </trkpt>
      <trkpt lat="32.73172" lon="-116.94039">
        <ele>99.79</ele>
        <time>2026-04-03T17:03:20Z</time>
      </trkpt>
      <trkpt lat="32.7317" lon="-116.94036">
        <ele>100.0</ele>
        <time>2026-04-03T17:03:22Z</time>
      </trkpt>
      <trkpt lat="32.73168" lon="-116.94033">
        <ele>100.0</ele>
        <time>2026-04-03T17:03:24Z</time>
      </trkpt>
      <trkpt lat="32.73165" lon="-116.9403">
        <ele>100.0</ele>
        <time>2026-04-03T17:03:27Z</time>
      </trkpt>
      <trkpt lat="32.73162" lon="-116.94027">
        <ele>100.0</ele>
        <time>2026-04-03T17:03:30Z</time>
      </trkpt>
      <trkpt lat="32.7316" lon="-116.94026">
        <ele>100.0</ele>
        <time>2026-04-03T17:03:33Z</time>
      </trkpt>
      <trkpt lat="32.73157" lon="-116.94027">
        <ele>100.0</ele>
        <time>2026-04-03T17:03:37Z</time>
      </trkpt>
      <trkpt lat="32.7316" lon="-116.94027">
        <ele>100.0</ele>
        <time>2026-04-03T17:03:44Z</time>
      </trkpt>
      <trkpt lat="32.73165" lon="-116.94028">
        <ele>100.0</ele>
        <time>2026-04-03T17:04:42Z</time>
      </trkpt>
      <trkpt lat="32.73168" lon="-116.94031">
        <ele>100.0</ele>
        <time>2026-04-03T17:04:44Z</time>
      </trkpt>
      <trkpt lat="32.73171" lon="-116.94034">
        <ele>100.0</ele>
        <time>2026-04-03T17:04:47Z</time>
      </trkpt>
      <trkpt lat="32.73174" lon="-116.94037">
        <ele>100.0</ele>
        <time>2026-04-03T17:04:50Z</time>
      </trkpt>
      <trkpt lat="32.73176" lon="-116.94041">
        <ele>99.57</ele>
        <time>2026-04-03T17:04:53Z</time>
      </trkpt>
      <trkpt lat="32.73179" lon="-116.94044">
        <ele>99.17</ele>
        <time>2026-04-03T17:04:56Z</time>
      </trkpt>
      <trkpt lat="32.73181" lon="-116.94047">
        <ele>99.0</ele>
        <time>2026-04-03T17:04:59Z</time>
      </trkpt>
      <trkpt lat="32.73181" lon="-116.9405">
        <ele>99.0</ele>
        <time>2026-04-03T17:05:02Z</time>
      </trkpt>
      <trkpt lat="32.73179" lon="-116.94054">
        <ele>99.0</ele>
        <time>2026-04-03T17:05:05Z</time>
      </trkpt>
      <trkpt lat="32.73177" lon="-116.94056">
        <ele>99.0</ele>
        <time>2026-04-03T17:05:07Z</time>
      </trkpt>
      <trkpt lat="32.73175" lon="-116.94059">
        <ele>99.0</ele>
        <time>2026-04-03T17:05:09Z</time>
      </trkpt>
      <trkpt lat="32.73173" lon="-116.94061">
        <ele>99.0</ele>
        <time>2026-04-03T17:05:11Z</time>
      </trkpt>
      <trkpt lat="32.73171" lon="-116.94064">
        <ele>99.0</ele>
        <time>2026-04-03T17:05:13Z</time>
      </trkpt>
      <trkpt lat="32.73169" lon="-116.94066">
        <ele>99.0</ele>
        <time>2026-04-03T17:05:15Z</time>
      </trkpt>
      <trkpt lat="32.73167" lon="-116.94069">
        <ele>99.0</ele>
        <time>2026-04-03T17:05:17Z</time>
      </trkpt>
      <trkpt lat="32.73165" lon="-116.94071">
        <ele>99.0</ele>
        <time>2026-04-03T17:05:19Z</time>
      </trkpt>
      <trkpt lat="32.73163" lon="-116.94075">
        <ele>99.0</ele>
        <time>2026-04-03T17:05:22Z</time>
      </trkpt>
      <trkpt lat="32.7316" lon="-116.94078">
        <ele>99.0</ele>
        <time>2026-04-03T17:05:25Z</time>
      </trkpt>
      <trkpt lat="32.73158" lon="-116.94082">
        <ele>99.0</ele>
        <time>2026-04-03T17:05:28Z</time>
      </trkpt>
      <trkpt lat="32.73156" lon="-116.94084">
        <ele>98.79</ele>
        <time>2026-04-03T17:05:30Z</time>
      </trkpt>
      <trkpt lat="32.73153" lon="-116.94088">
        <ele>98.26</ele>
        <time>2026-04-03T17:05:33Z</time>
      </trkpt>
      <trkpt lat="32.7315" lon="-116.94091">
        <ele>98.03</ele>
        <time>2026-04-03T17:05:36Z</time>
      </trkpt>
      <trkpt lat="32.73148" lon="-116.94094">
        <ele>98.0</ele>
        <time>2026-04-03T17:05:39Z</time>
      </trkpt>
      <trkpt lat="32.73145" lon="-116.94098">
        <ele>98.0</ele>
        <time>2026-04-03T17:05:42Z</time>
      </trkpt>
      <trkpt lat="32.73145" lon="-116.94101">
        <ele>98.0</ele>
        <time>2026-04-03T17:05:45Z</time>
      </trkpt>
      <trkpt lat="32.73145" lon="-116.94105">
        <ele>97.88</ele>
        <time>2026-04-03T17:05:48Z</time>
      </trkpt>
      <trkpt lat="32.73146" lon="-116.94109">
        <ele>97.82</ele>
        <time>2026-04-03T17:05:51Z</time>
      </trkpt>
      <trkpt lat="32.73147" lon="-116.94113">
        <ele>97.7</ele>
        <time>2026-04-03T17:05:54Z</time>
      </trkpt>
      <trkpt lat="32.73148" lon="-116.94117">
        <ele>97.36</ele>
        <time>2026-04-03T17:05:57Z</time>
      </trkpt>
      <trkpt lat="32.73148" lon="-116.94121">
        <ele>97.0</ele>
        <time>2026-04-03T17:06:00Z</time>
      </trkpt>
      <trkpt lat="32.73149" lon="-116.94124">
        <ele>96.96</ele>
        <time>2026-04-03T17:06:02Z</time>
      </trkpt>
      <trkpt lat="32.7315" lon="-116.94128">
        <ele>96.84</ele>
        <time>2026-04-03T17:06:04Z</time>
      </trkpt>
      <trkpt lat="32.73151" lon="-116.94131">
        <ele>96.59</ele>
        <time>2026-04-03T17:06:07Z</time>
      </trkpt>
      <trkpt lat="32.73152" lon="-116.94135">
        <ele>96.25</ele>
        <time>2026-04-03T17:06:21Z</time>
      </trkpt>
      <trkpt lat="32.73151" lon="-116.94139">
        <ele>96.0</ele>
        <time>2026-04-03T17:06:39Z</time>
      </trkpt>
      <trkpt lat="32.7315" lon="-116.94144">
        <ele>95.89</ele>
        <time>2026-04-03T17:06:42Z</time>
      </trkpt>
      <trkpt lat="32.7315" lon="-116.94149">
        <ele>95.73</ele>
        <time>2026-04-03T17:06:45Z</time>
      </trkpt>
      <trkpt lat="32.7315" lon="-116.94154">
        <ele>95.29</ele>
        <time>2026-04-03T17:06:48Z</time>
      </trkpt>
      <trkpt lat="32.7315" lon="-116.94159">
        <ele>94.97</ele>
        <time>2026-04-03T17:06:51Z</time>
      </trkpt>
      <trkpt lat="32.73148" lon="-116.94162">
        <ele>95.02</ele>
        <time>2026-04-03T17:06:54Z</time>
      </trkpt>
      <trkpt lat="32.73144" lon="-116.94166">
        <ele>95.45</ele>
        <time>2026-04-03T17:06:57Z</time>
      </trkpt>
      <trkpt lat="32.73141" lon="-116.94168">
        <ele>95.63</ele>
        <time>2026-04-03T17:07:00Z</time>
      </trkpt>
      <trkpt lat="32.73137" lon="-116.94169">
        <ele>95.8</ele>
        <time>2026-04-03T17:07:03Z</time>
      </trkpt>
      <trkpt lat="32.73134" lon="-116.94165">
        <ele>96.1</ele>
        <time>2026-04-03T17:07:07Z</time>
      </trkpt>
      <trkpt lat="32.73131" lon="-116.94164">
        <ele>96.25</ele>
        <time>2026-04-03T17:07:18Z</time>
      </trkpt>
      <trkpt lat="32.73127" lon="-116.94162">
        <ele>96.64</ele>
        <time>2026-04-03T17:07:32Z</time>
      </trkpt>
      <trkpt lat="32.73124" lon="-116.9416">
        <ele>96.89</ele>
        <time>2026-04-03T17:09:43Z</time>
      </trkpt>
      <trkpt lat="32.7312" lon="-116.9416">
        <ele>97.04</ele>
        <time>2026-04-03T17:09:46Z</time>
      </trkpt>
      <trkpt lat="32.73116" lon="-116.9416">
        <ele>97.47</ele>
        <time>2026-04-03T17:09:48Z</time>
      </trkpt>
      <trkpt lat="32.73112" lon="-116.9416">
        <ele>97.9</ele>
        <time>2026-04-03T17:09:50Z</time>
      </trkpt>
      <trkpt lat="32.73109" lon="-116.9416">
        <ele>98.16</ele>
        <time>2026-04-03T17:09:52Z</time>
      </trkpt>
      <trkpt lat="32.73106" lon="-116.9416">
        <ele>98.4</ele>
        <time>2026-04-03T17:09:54Z</time>
      </trkpt>
      <trkpt lat="32.73103" lon="-116.94159">
        <ele>98.73</ele>
        <time>2026-04-03T17:09:56Z</time>
      </trkpt>
      <trkpt lat="32.731" lon="-116.94159">
        <ele>98.86</ele>
        <time>2026-04-03T17:10:00Z</time>
      </trkpt>
      <trkpt lat="32.73098" lon="-116.94161">
        <ele>98.77</ele>
        <time>2026-04-03T17:10:11Z</time>
      </trkpt>
      <trkpt lat="32.73096" lon="-116.94163">
        <ele>98.78</ele>
        <time>2026-04-03T17:10:13Z</time>
      </trkpt>
      <trkpt lat="32.73095" lon="-116.94167">
        <ele>98.71</ele>
        <time>2026-04-03T17:10:15Z</time>
      </trkpt>
      <trkpt lat="32.73093" lon="-116.9417">
        <ele>98.61</ele>
        <time>2026-04-03T17:10:17Z</time>
      </trkpt>
      <trkpt lat="32.73092" lon="-116.94173">
        <ele>98.32</ele>
        <time>2026-04-03T17:10:19Z</time>
      </trkpt>
      <trkpt lat="32.7309" lon="-116.94176">
        <ele>98.0</ele>
        <time>2026-04-03T17:10:21Z</time>
      </trkpt>
      <trkpt lat="32.73087" lon="-116.94179">
        <ele>98.0</ele>
        <time>2026-04-03T17:10:24Z</time>
      </trkpt>
      <trkpt lat="32.73085" lon="-116.94182">
        <ele>98.0</ele>
        <time>2026-04-03T17:10:26Z</time>
      </trkpt>
      <trkpt lat="32.73083" lon="-116.94185">
        <ele>98.0</ele>
        <time>2026-04-03T17:10:29Z</time>
      </trkpt>
      <trkpt lat="32.7308" lon="-116.94189">
        <ele>97.59</ele>
        <time>2026-04-03T17:10:32Z</time>
      </trkpt>
      <trkpt lat="32.73079" lon="-116.94191">
        <ele>97.37</ele>
        <time>2026-04-03T17:10:34Z</time>
      </trkpt>
      <trkpt lat="32.73077" lon="-116.94194">
        <ele>97.05</ele>
        <time>2026-04-03T17:10:36Z</time>
      </trkpt>
      <trkpt lat="32.73075" lon="-116.94196">
        <ele>96.83</ele>
        <time>2026-04-03T17:10:38Z</time>
      </trkpt>
      <trkpt lat="32.73073" lon="-116.94199">
        <ele>96.51</ele>
        <time>2026-04-03T17:10:40Z</time>
      </trkpt>
      <trkpt lat="32.73071" lon="-116.94201">
        <ele>96.29</ele>
        <time>2026-04-03T17:10:42Z</time>
      </trkpt>
      <trkpt lat="32.73069" lon="-116.94203">
        <ele>96.08</ele>
        <time>2026-04-03T17:10:44Z</time>
      </trkpt>
      <trkpt lat="32.73066" lon="-116.94205">
        <ele>95.86</ele>
        <time>2026-04-03T17:10:46Z</time>
      </trkpt>
      <trkpt lat="32.73063" lon="-116.94206">
        <ele>95.95</ele>
        <time>2026-04-03T17:10:49Z</time>
      </trkpt>
      <trkpt lat="32.7306" lon="-116.94208">
        <ele>96.06</ele>
        <time>2026-04-03T17:10:52Z</time>
      </trkpt>
      <trkpt lat="32.73057" lon="-116.94208">
        <ele>96.38</ele>
        <time>2026-04-03T17:10:54Z</time>
      </trkpt>
      <trkpt lat="32.73054" lon="-116.94209">
        <ele>96.43</ele>
        <time>2026-04-03T17:10:58Z</time>
      </trkpt>
      <trkpt lat="32.73052" lon="-116.94206">
        <ele>96.75</ele>
        <time>2026-04-03T17:11:41Z</time>
      </trkpt>
      <trkpt lat="32.73046" lon="-116.94207">
        <ele>96.64</ele>
        <time>2026-04-03T17:14:05Z</time>
      </trkpt>
      <trkpt lat="32.7304" lon="-116.94206">
        <ele>96.75</ele>
        <time>2026-04-03T17:14:07Z</time>
      </trkpt>
      <trkpt lat="32.73036" lon="-116.94206">
        <ele>96.75</ele>
        <time>2026-04-03T17:14:09Z</time>
      </trkpt>
      <trkpt lat="32.73032" lon="-116.94206">
        <ele>96.75</ele>
        <time>2026-04-03T17:14:12Z</time>
      </trkpt>
      <trkpt lat="32.73028" lon="-116.94205">
        <ele>96.86</ele>
        <time>2026-04-03T17:14:15Z</time>
      </trkpt>
      <trkpt lat="32.73026" lon="-116.94201">
        <ele>97.06</ele>
        <time>2026-04-03T17:14:17Z</time>
      </trkpt>
      <trkpt lat="32.73025" lon="-116.94197">
        <ele>97.22</ele>
        <time>2026-04-03T17:14:19Z</time>
      </trkpt>
      <trkpt lat="32.73022" lon="-116.94194">
        <ele>97.64</ele>
        <time>2026-04-03T17:14:22Z</time>
      </trkpt>
      <trkpt lat="32.7302" lon="-116.94196">
        <ele>97.7</ele>
        <time>2026-04-03T17:14:51Z</time>
      </trkpt>
      <trkpt lat="32.73017" lon="-116.94201">
        <ele>97.41</ele>
        <time>2026-04-03T17:14:53Z</time>
      </trkpt>
      <trkpt lat="32.73016" lon="-116.94204">
        <ele>97.26</ele>
        <time>2026-04-03T17:14:54Z</time>
      </trkpt>
      <trkpt lat="32.73014" lon="-116.94206">
        <ele>97.37</ele>
        <time>2026-04-03T17:14:55Z</time>
      </trkpt>
      <trkpt lat="32.73011" lon="-116.9421">
        <ele>97.26</ele>
        <time>2026-04-03T17:14:57Z</time>
      </trkpt>
      <trkpt lat="32.73009" lon="-116.94213">
        <ele>97.02</ele>
        <time>2026-04-03T17:14:59Z</time>
      </trkpt>
      <trkpt lat="32.73008" lon="-116.94216">
        <ele>96.81</ele>
        <time>2026-04-03T17:15:01Z</time>
      </trkpt>
      <trkpt lat="32.73006" lon="-116.94221">
        <ele>96.48</ele>
        <time>2026-04-03T17:15:04Z</time>
      </trkpt>
      <trkpt lat="32.73005" lon="-116.94224">
        <ele>96.37</ele>
        <time>2026-04-03T17:15:07Z</time>
      </trkpt>
      <trkpt lat="32.73005" lon="-116.94228">
        <ele>96.17</ele>
        <time>2026-04-03T17:15:10Z</time>
      </trkpt>
      <trkpt lat="32.73004" lon="-116.94232">
        <ele>95.98</ele>
        <time>2026-04-03T17:15:13Z</time>
      </trkpt>
      <trkpt lat="32.73003" lon="-116.94236">
        <ele>95.84</ele>
        <time>2026-04-03T17:15:16Z</time>
      </trkpt>
      <trkpt lat="32.73002" lon="-116.9424">
        <ele>95.8</ele>
        <time>2026-04-03T17:15:19Z</time>
      </trkpt>
      <trkpt lat="32.73001" lon="-116.94243">
        <ele>95.67</ele>
        <time>2026-04-03T17:15:22Z</time>
      </trkpt>
      <trkpt lat="32.72999" lon="-116.94247">
        <ele>95.32</ele>
        <time>2026-04-03T17:15:25Z</time>
      </trkpt>
      <trkpt lat="32.72998" lon="-116.9425">
        <ele>95.0</ele>
        <time>2026-04-03T17:15:28Z</time>
      </trkpt>
      <trkpt lat="32.72996" lon="-116.94254">
        <ele>94.75</ele>
        <time>2026-04-03T17:15:31Z</time>
      </trkpt>
      <trkpt lat="32.72993" lon="-116.94256">
        <ele>94.84</ele>
        <time>2026-04-03T17:15:33Z</time>
      </trkpt>
      <trkpt lat="32.72991" lon="-116.94258">
        <ele>94.98</ele>
        <time>2026-04-03T17:15:35Z</time>
      </trkpt>
      <trkpt lat="32.72989" lon="-116.9426">
        <ele>94.94</ele>
        <time>2026-04-03T17:15:37Z</time>
      </trkpt>
      <trkpt lat="32.72986" lon="-116.94262">
        <ele>94.86</ele>
        <time>2026-04-03T17:15:39Z</time>
      </trkpt>
      <trkpt lat="32.72984" lon="-116.94264">
        <ele>94.86</ele>
        <time>2026-04-03T17:15:41Z</time>
      </trkpt>
      <trkpt lat="32.72981" lon="-116.94265">
        <ele>95.02</ele>
        <time>2026-04-03T17:15:44Z</time>
      </trkpt>
      <trkpt lat="32.72977" lon="-116.94265">
        <ele>95.18</ele>
        <time>2026-04-03T17:15:47Z</time>
      </trkpt>
      <trkpt lat="32.72974" lon="-116.94267">
        <ele>95.13</ele>
        <time>2026-04-03T17:15:50Z</time>
      </trkpt>
      <trkpt lat="32.72971" lon="-116.94269">
        <ele>94.95</ele>
        <time>2026-04-03T17:15:53Z</time>
      </trkpt>
      <trkpt lat="32.72967" lon="-116.94271">
        <ele>94.88</ele>
        <time>2026-04-03T17:15:56Z</time>
      </trkpt>
      <trkpt lat="32.72965" lon="-116.94274">
        <ele>94.87</ele>
        <time>2026-04-03T17:15:59Z</time>
      </trkpt>
      <trkpt lat="32.72962" lon="-116.94277">
        <ele>95.01</ele>
        <time>2026-04-03T17:16:02Z</time>
      </trkpt>
      <trkpt lat="32.72959" lon="-116.9428">
        <ele>94.86</ele>
        <time>2026-04-03T17:16:05Z</time>
      </trkpt>
      <trkpt lat="32.72956" lon="-116.94283">
        <ele>94.86</ele>
        <time>2026-04-03T17:16:08Z</time>
      </trkpt>
      <trkpt lat="32.72953" lon="-116.94285">
        <ele>95.02</ele>
        <time>2026-04-03T17:16:11Z</time>
      </trkpt>
      <trkpt lat="32.7295" lon="-116.94288">
        <ele>94.9</ele>
        <time>2026-04-03T17:16:14Z</time>
      </trkpt>
      <trkpt lat="32.72947" lon="-116.94291">
        <ele>94.57</ele>
        <time>2026-04-03T17:16:17Z</time>
      </trkpt>
      <trkpt lat="32.72944" lon="-116.94293">
        <ele>94.39</ele>
        <time>2026-04-03T17:16:20Z</time>
      </trkpt>
      <trkpt lat="32.72941" lon="-116.94296">
        <ele>94.39</ele>
        <time>2026-04-03T17:16:23Z</time>
      </trkpt>
      <trkpt lat="32.72938" lon="-116.94299">
        <ele>94.49</ele>
        <time>2026-04-03T17:16:26Z</time>
      </trkpt>
      <trkpt lat="32.72935" lon="-116.94301">
        <ele>94.49</ele>
        <time>2026-04-03T17:16:29Z</time>
      </trkpt>
      <trkpt lat="32.72932" lon="-116.94304">
        <ele>94.17</ele>
        <time>2026-04-03T17:16:32Z</time>
      </trkpt>
      <trkpt lat="32.72929" lon="-116.94306">
        <ele>94.0</ele>
        <time>2026-04-03T17:16:35Z</time>
      </trkpt>
      <trkpt lat="32.72926" lon="-116.94309">
        <ele>94.0</ele>
        <time>2026-04-03T17:16:38Z</time>
      </trkpt>
      <trkpt lat="32.72924" lon="-116.94311">
        <ele>94.09</ele>
        <time>2026-04-03T17:16:41Z</time>
      </trkpt>
      <trkpt lat="32.72921" lon="-116.94314">
        <ele>94.05</ele>
        <time>2026-04-03T17:16:44Z</time>
      </trkpt>
      <trkpt lat="32.72918" lon="-116.94316">
        <ele>93.87</ele>
        <time>2026-04-03T17:16:47Z</time>
      </trkpt>
      <trkpt lat="32.72915" lon="-116.94319">
        <ele>93.63</ele>
        <time>2026-04-03T17:16:50Z</time>
      </trkpt>
      <trkpt lat="32.72912" lon="-116.94321">
        <ele>93.67</ele>
        <time>2026-04-03T17:16:53Z</time>
      </trkpt>
      <trkpt lat="32.72909" lon="-116.94324">
        <ele>93.83</ele>
        <time>2026-04-03T17:16:56Z</time>
      </trkpt>
      <trkpt lat="32.72906" lon="-116.94326">
        <ele>93.79</ele>
        <time>2026-04-03T17:16:59Z</time>
      </trkpt>
      <trkpt lat="32.72903" lon="-116.94328">
        <ele>93.58</ele>
        <time>2026-04-03T17:17:02Z</time>
      </trkpt>
      <trkpt lat="32.72901" lon="-116.9433">
        <ele>93.36</ele>
        <time>2026-04-03T17:17:05Z</time>
      </trkpt>
      <trkpt lat="32.72898" lon="-116.94333">
        <ele>93.05</ele>
        <time>2026-04-03T17:17:08Z</time>
      </trkpt>
      <trkpt lat="32.72896" lon="-116.94335">
        <ele>93.19</ele>
        <time>2026-04-03T17:17:11Z</time>
      </trkpt>
      <trkpt lat="32.72893" lon="-116.94337">
        <ele>93.34</ele>
        <time>2026-04-03T17:17:14Z</time>
      </trkpt>
      <trkpt lat="32.7289" lon="-116.94339">
        <ele>93.34</ele>
        <time>2026-04-03T17:17:17Z</time>
      </trkpt>
      <trkpt lat="32.72892" lon="-116.94335">
        <ele>93.54</ele>
        <time>2026-04-03T17:17:21Z</time>
      </trkpt>
      <trkpt lat="32.72894" lon="-116.94333">
        <ele>93.47</ele>
        <time>2026-04-03T17:17:26Z</time>
      </trkpt>
      <trkpt lat="32.72892" lon="-116.94335">
        <ele>93.54</ele>
        <time>2026-04-03T17:17:35Z</time>
      </trkpt>
      <trkpt lat="32.72888" lon="-116.94337">
        <ele>93.6</ele>
        <time>2026-04-03T17:17:38Z</time>
      </trkpt>
      <trkpt lat="32.72885" lon="-116.94339">
        <ele>93.39</ele>
        <time>2026-04-03T17:17:40Z</time>
      </trkpt>
      <trkpt lat="32.72881" lon="-116.9434">
        <ele>93.28</ele>
        <time>2026-04-03T17:17:42Z</time>
      </trkpt>
      <trkpt lat="32.72879" lon="-116.94341">
        <ele>93.23</ele>
        <time>2026-04-03T17:17:44Z</time>
      </trkpt>
      <trkpt lat="32.72875" lon="-116.94343">
        <ele>93.48</ele>
        <time>2026-04-03T17:17:47Z</time>
      </trkpt>
      <trkpt lat="32.72874" lon="-116.94346">
        <ele>93.38</ele>
        <time>2026-04-03T17:17:56Z</time>
      </trkpt>
      <trkpt lat="32.72872" lon="-116.94348">
        <ele>93.34</ele>
        <time>2026-04-03T17:18:08Z</time>
      </trkpt>
      <trkpt lat="32.72868" lon="-116.94349">
        <ele>93.31</ele>
        <time>2026-04-03T17:18:11Z</time>
      </trkpt>
      <trkpt lat="32.72864" lon="-116.9435">
        <ele>93.2</ele>
        <time>2026-04-03T17:18:14Z</time>
      </trkpt>
      <trkpt lat="32.72861" lon="-116.9435">
        <ele>93.2</ele>
        <time>2026-04-03T17:18:16Z</time>
      </trkpt>
      <trkpt lat="32.72858" lon="-116.94351">
        <ele>93.09</ele>
        <time>2026-04-03T17:18:18Z</time>
      </trkpt>
      <trkpt lat="32.72855" lon="-116.94351">
        <ele>93.09</ele>
        <time>2026-04-03T17:18:21Z</time>
      </trkpt>
      <trkpt lat="32.72851" lon="-116.94352">
        <ele>93.09</ele>
        <time>2026-04-03T17:18:24Z</time>
      </trkpt>
      <trkpt lat="32.72847" lon="-116.94353">
        <ele>93.46</ele>
        <time>2026-04-03T17:18:27Z</time>
      </trkpt>
      <trkpt lat="32.72844" lon="-116.94354">
        <ele>93.65</ele>
        <time>2026-04-03T17:18:30Z</time>
      </trkpt>
      <trkpt lat="32.7284" lon="-116.94355">
        <ele>93.66</ele>
        <time>2026-04-03T17:18:33Z</time>
      </trkpt>
      <trkpt lat="32.72836" lon="-116.94356">
        <ele>93.55</ele>
        <time>2026-04-03T17:18:36Z</time>
      </trkpt>
      <trkpt lat="32.72833" lon="-116.94357">
        <ele>93.46</ele>
        <time>2026-04-03T17:18:39Z</time>
      </trkpt>
      <trkpt lat="32.72829" lon="-116.94358">
        <ele>93.65</ele>
        <time>2026-04-03T17:18:42Z</time>
      </trkpt>
      <trkpt lat="32.72826" lon="-116.9436">
        <ele>93.82</ele>
        <time>2026-04-03T17:18:45Z</time>
      </trkpt>
      <trkpt lat="32.72822" lon="-116.94361">
        <ele>94.0</ele>
        <time>2026-04-03T17:18:48Z</time>
      </trkpt>
      <trkpt lat="32.72819" lon="-116.94362">
        <ele>93.9</ele>
        <time>2026-04-03T17:18:51Z</time>
      </trkpt>
      <trkpt lat="32.72815" lon="-116.94362">
        <ele>93.9</ele>
        <time>2026-04-03T17:18:54Z</time>
      </trkpt>
      <trkpt lat="32.72812" lon="-116.94363">
        <ele>93.86</ele>
        <time>2026-04-03T17:18:57Z</time>
      </trkpt>
      <trkpt lat="32.72808" lon="-116.94362">
        <ele>93.97</ele>
        <time>2026-04-03T17:19:00Z</time>
      </trkpt>
      <trkpt lat="32.72805" lon="-116.9436">
        <ele>94.12</ele>
        <time>2026-04-03T17:19:03Z</time>
      </trkpt>
      <trkpt lat="32.72802" lon="-116.94358">
        <ele>94.34</ele>
        <time>2026-04-03T17:19:06Z</time>
      </trkpt>
      <trkpt lat="32.72799" lon="-116.94355">
        <ele>94.66</ele>
        <time>2026-04-03T17:19:09Z</time>
      </trkpt>
      <trkpt lat="32.72796" lon="-116.94353">
        <ele>94.88</ele>
        <time>2026-04-03T17:19:11Z</time>
      </trkpt>
      <trkpt lat="32.72794" lon="-116.94351">
        <ele>95.02</ele>
        <time>2026-04-03T17:19:13Z</time>
      </trkpt>
      <trkpt lat="32.72792" lon="-116.94348">
        <ele>95.19</ele>
        <time>2026-04-03T17:19:15Z</time>
      </trkpt>
      <trkpt lat="32.7279" lon="-116.94346">
        <ele>95.43</ele>
        <time>2026-04-03T17:19:17Z</time>
      </trkpt>
      <trkpt lat="32.72788" lon="-116.94343">
        <ele>95.86</ele>
        <time>2026-04-03T17:19:19Z</time>
      </trkpt>
      <trkpt lat="32.72787" lon="-116.94339">
        <ele>96.0</ele>
        <time>2026-04-03T17:19:22Z</time>
      </trkpt>
      <trkpt lat="32.72788" lon="-116.94334">
        <ele>95.99</ele>
        <time>2026-04-03T17:19:25Z</time>
      </trkpt>
      <trkpt lat="32.72789" lon="-116.94331">
        <ele>96.0</ele>
        <time>2026-04-03T17:19:27Z</time>
      </trkpt>
      <trkpt lat="32.72789" lon="-116.94328">
        <ele>96.0</ele>
        <time>2026-04-03T17:19:29Z</time>
      </trkpt>
      <trkpt lat="32.72789" lon="-116.94325">
        <ele>96.0</ele>
        <time>2026-04-03T17:19:31Z</time>
      </trkpt>
      <trkpt lat="32.72789" lon="-116.94321">
        <ele>96.26</ele>
        <time>2026-04-03T17:19:33Z</time>
      </trkpt>
      <trkpt lat="32.72789" lon="-116.94318">
        <ele>96.52</ele>
        <time>2026-04-03T17:19:35Z</time>
      </trkpt>
      <trkpt lat="32.72789" lon="-116.94314">
        <ele>96.81</ele>
        <time>2026-04-03T17:19:38Z</time>
      </trkpt>
      <trkpt lat="32.7279" lon="-116.94311">
        <ele>96.81</ele>
        <time>2026-04-03T17:19:57Z</time>
      </trkpt>
      <trkpt lat="32.72782" lon="-116.94312">
        <ele>97.0</ele>
        <time>2026-04-03T17:22:55Z</time>
      </trkpt>
      <trkpt lat="32.72775" lon="-116.94312">
        <ele>97.09</ele>
        <time>2026-04-03T17:22:57Z</time>
      </trkpt>
      <trkpt lat="32.72769" lon="-116.94312">
        <ele>97.29</ele>
        <time>2026-04-03T17:22:59Z</time>
      </trkpt>
      <trkpt lat="32.72764" lon="-116.94312">
        <ele>97.64</ele>
        <time>2026-04-03T17:23:02Z</time>
      </trkpt>
      <trkpt lat="32.72761" lon="-116.94317">
        <ele>97.62</ele>
        <time>2026-04-03T17:23:05Z</time>
      </trkpt>
      <trkpt lat="32.72759" lon="-116.94324">
        <ele>97.04</ele>
        <time>2026-04-03T17:23:07Z</time>
      </trkpt>
      <trkpt lat="32.72756" lon="-116.9433">
        <ele>97.13</ele>
        <time>2026-04-03T17:23:09Z</time>
      </trkpt>
      <trkpt lat="32.72754" lon="-116.94335">
        <ele>96.92</ele>
        <time>2026-04-03T17:23:12Z</time>
      </trkpt>
      <trkpt lat="32.72751" lon="-116.94339">
        <ele>96.93</ele>
        <time>2026-04-03T17:23:15Z</time>
      </trkpt>
      <trkpt lat="32.72747" lon="-116.94342">
        <ele>97.0</ele>
        <time>2026-04-03T17:23:18Z</time>
      </trkpt>
      <trkpt lat="32.72744" lon="-116.94345">
        <ele>96.74</ele>
        <time>2026-04-03T17:23:21Z</time>
      </trkpt>
      <trkpt lat="32.7274" lon="-116.94346">
        <ele>96.66</ele>
        <time>2026-04-03T17:23:24Z</time>
      </trkpt>
      <trkpt lat="32.72738" lon="-116.94344">
        <ele>96.89</ele>
        <time>2026-04-03T17:23:26Z</time>
      </trkpt>
      <trkpt lat="32.72735" lon="-116.94343">
        <ele>96.98</ele>
        <time>2026-04-03T17:23:28Z</time>
      </trkpt>
      <trkpt lat="32.72731" lon="-116.94343">
        <ele>97.0</ele>
        <time>2026-04-03T17:23:31Z</time>
      </trkpt>
      <trkpt lat="32.72727" lon="-116.94343">
        <ele>97.0</ele>
        <time>2026-04-03T17:23:34Z</time>
      </trkpt>
      <trkpt lat="32.72724" lon="-116.94343">
        <ele>97.0</ele>
        <time>2026-04-03T17:23:36Z</time>
      </trkpt>
      <trkpt lat="32.72721" lon="-116.94344">
        <ele>96.98</ele>
        <time>2026-04-03T17:23:38Z</time>
      </trkpt>
      <trkpt lat="32.72719" lon="-116.94345">
        <ele>96.91</ele>
        <time>2026-04-03T17:23:40Z</time>
      </trkpt>
      <trkpt lat="32.72714" lon="-116.94346">
        <ele>96.67</ele>
        <time>2026-04-03T17:23:43Z</time>
      </trkpt>
      <trkpt lat="32.7271" lon="-116.94348">
        <ele>96.42</ele>
        <time>2026-04-03T17:23:46Z</time>
      </trkpt>
      <trkpt lat="32.72706" lon="-116.94349">
        <ele>96.31</ele>
        <time>2026-04-03T17:23:49Z</time>
      </trkpt>
      <trkpt lat="32.72702" lon="-116.9435">
        <ele>96.2</ele>
        <time>2026-04-03T17:23:52Z</time>
      </trkpt>
      <trkpt lat="32.72699" lon="-116.94351">
        <ele>96.09</ele>
        <time>2026-04-03T17:23:55Z</time>
      </trkpt>
      <trkpt lat="32.72695" lon="-116.94352">
        <ele>96.0</ele>
        <time>2026-04-03T17:23:58Z</time>
      </trkpt>
      <trkpt lat="32.72691" lon="-116.94352">
        <ele>96.0</ele>
        <time>2026-04-03T17:24:01Z</time>
      </trkpt>
      <trkpt lat="32.72688" lon="-116.94353">
        <ele>96.0</ele>
        <time>2026-04-03T17:24:04Z</time>
      </trkpt>
      <trkpt lat="32.72684" lon="-116.94353">
        <ele>96.0</ele>
        <time>2026-04-03T17:24:07Z</time>
      </trkpt>
      <trkpt lat="32.72681" lon="-116.94352">
        <ele>96.0</ele>
        <time>2026-04-03T17:24:10Z</time>
      </trkpt>
      <trkpt lat="32.72677" lon="-116.94349">
        <ele>96.31</ele>
        <time>2026-04-03T17:24:13Z</time>
      </trkpt>
      <trkpt lat="32.72675" lon="-116.94346">
        <ele>96.63</ele>
        <time>2026-04-03T17:24:15Z</time>
      </trkpt>
      <trkpt lat="32.72672" lon="-116.94343">
        <ele>96.96</ele>
        <time>2026-04-03T17:24:17Z</time>
      </trkpt>
      <trkpt lat="32.7267" lon="-116.94341">
        <ele>97.0</ele>
        <time>2026-04-03T17:24:19Z</time>
      </trkpt>
      <trkpt lat="32.72667" lon="-116.9434">
        <ele>97.0</ele>
        <time>2026-04-03T17:24:21Z</time>
      </trkpt>
      <trkpt lat="32.72665" lon="-116.94338">
        <ele>97.0</ele>
        <time>2026-04-03T17:24:23Z</time>
      </trkpt>
      <trkpt lat="32.72661" lon="-116.94337">
        <ele>97.0</ele>
        <time>2026-04-03T17:24:26Z</time>
      </trkpt>
      <trkpt lat="32.72658" lon="-116.94336">
        <ele>97.0</ele>
        <time>2026-04-03T17:24:29Z</time>
      </trkpt>
      <trkpt lat="32.72654" lon="-116.94336">
        <ele>97.0</ele>
        <time>2026-04-03T17:24:32Z</time>
      </trkpt>
      <trkpt lat="32.72658" lon="-116.94337">
        <ele>97.0</ele>
        <time>2026-04-03T17:24:35Z</time>
      </trkpt>
      <trkpt lat="32.7266" lon="-116.94337">
        <ele>97.0</ele>
        <time>2026-04-03T17:24:38Z</time>
      </trkpt>
      <trkpt lat="32.72657" lon="-116.94338">
        <ele>97.0</ele>
        <time>2026-04-03T17:25:03Z</time>
      </trkpt>
      <trkpt lat="32.72654" lon="-116.94339">
        <ele>97.0</ele>
        <time>2026-04-03T17:25:07Z</time>
      </trkpt>
      <trkpt lat="32.72652" lon="-116.94341">
        <ele>97.0</ele>
        <time>2026-04-03T17:25:10Z</time>
      </trkpt>
      <trkpt lat="32.7265" lon="-116.94344">
        <ele>96.85</ele>
        <time>2026-04-03T17:25:12Z</time>
      </trkpt>
      <trkpt lat="32.72648" lon="-116.94346">
        <ele>96.63</ele>
        <time>2026-04-03T17:25:14Z</time>
      </trkpt>
      <trkpt lat="32.72644" lon="-116.94348">
        <ele>96.42</ele>
        <time>2026-04-03T17:25:16Z</time>
      </trkpt>
      <trkpt lat="32.72641" lon="-116.9435">
        <ele>96.2</ele>
        <time>2026-04-03T17:25:18Z</time>
      </trkpt>
      <trkpt lat="32.72639" lon="-116.94353">
        <ele>96.0</ele>
        <time>2026-04-03T17:25:20Z</time>
      </trkpt>
      <trkpt lat="32.72636" lon="-116.94355">
        <ele>96.0</ele>
        <time>2026-04-03T17:25:22Z</time>
      </trkpt>
      <trkpt lat="32.72634" lon="-116.94358">
        <ele>96.0</ele>
        <time>2026-04-03T17:25:24Z</time>
      </trkpt>
      <trkpt lat="32.72632" lon="-116.94361">
        <ele>96.0</ele>
        <time>2026-04-03T17:25:27Z</time>
      </trkpt>
      <trkpt lat="32.72629" lon="-116.94364">
        <ele>95.69</ele>
        <time>2026-04-03T17:25:30Z</time>
      </trkpt>
      <trkpt lat="32.72626" lon="-116.94367">
        <ele>95.36</ele>
        <time>2026-04-03T17:25:33Z</time>
      </trkpt>
      <trkpt lat="32.72623" lon="-116.94369">
        <ele>95.15</ele>
        <time>2026-04-03T17:25:36Z</time>
      </trkpt>
      <trkpt lat="32.7262" lon="-116.94371">
        <ele>95.0</ele>
        <time>2026-04-03T17:25:38Z</time>
      </trkpt>
      <trkpt lat="32.72618" lon="-116.94373">
        <ele>94.93</ele>
        <time>2026-04-03T17:25:40Z</time>
      </trkpt>
      <trkpt lat="32.72614" lon="-116.94375">
        <ele>94.66</ele>
        <time>2026-04-03T17:25:43Z</time>
      </trkpt>
      <trkpt lat="32.72611" lon="-116.94377">
        <ele>94.28</ele>
        <time>2026-04-03T17:25:46Z</time>
      </trkpt>
      <trkpt lat="32.72608" lon="-116.94378">
        <ele>94.18</ele>
        <time>2026-04-03T17:25:49Z</time>
      </trkpt>
      <trkpt lat="32.72605" lon="-116.94381">
        <ele>94.0</ele>
        <time>2026-04-03T17:25:52Z</time>
      </trkpt>
      <trkpt lat="32.72602" lon="-116.94383">
        <ele>94.0</ele>
        <time>2026-04-03T17:25:55Z</time>
      </trkpt>
      <trkpt lat="32.726" lon="-116.94386">
        <ele>93.86</ele>
        <time>2026-04-03T17:25:58Z</time>
      </trkpt>
      <trkpt lat="32.72597" lon="-116.94388">
        <ele>93.53</ele>
        <time>2026-04-03T17:26:01Z</time>
      </trkpt>
      <trkpt lat="32.72594" lon="-116.94391">
        <ele>93.12</ele>
        <time>2026-04-03T17:26:04Z</time>
      </trkpt>
      <trkpt lat="32.72592" lon="-116.94393">
        <ele>93.0</ele>
        <time>2026-04-03T17:26:07Z</time>
      </trkpt>
      <trkpt lat="32.72589" lon="-116.94396">
        <ele>93.0</ele>
        <time>2026-04-03T17:26:10Z</time>
      </trkpt>
      <trkpt lat="32.72586" lon="-116.94398">
        <ele>93.0</ele>
        <time>2026-04-03T17:26:13Z</time>
      </trkpt>
      <trkpt lat="32.72583" lon="-116.944">
        <ele>92.8</ele>
        <time>2026-04-03T17:26:16Z</time>
      </trkpt>
      <trkpt lat="32.7258" lon="-116.94402">
        <ele>92.58</ele>
        <time>2026-04-03T17:26:19Z</time>
      </trkpt>
      <trkpt lat="32.72577" lon="-116.94402">
        <ele>92.58</ele>
        <time>2026-04-03T17:26:22Z</time>
      </trkpt>
      <trkpt lat="32.72574" lon="-116.94399">
        <ele>92.91</ele>
        <time>2026-04-03T17:26:25Z</time>
      </trkpt>
      <trkpt lat="32.7257" lon="-116.94397">
        <ele>93.12</ele>
        <time>2026-04-03T17:26:28Z</time>
      </trkpt>
      <trkpt lat="32.72567" lon="-116.94399">
        <ele>92.91</ele>
        <time>2026-04-03T17:26:31Z</time>
      </trkpt>
      <trkpt lat="32.72564" lon="-116.944">
        <ele>92.8</ele>
        <time>2026-04-03T17:26:33Z</time>
      </trkpt>
      <trkpt lat="32.7256" lon="-116.94402">
        <ele>92.58</ele>
        <time>2026-04-03T17:26:35Z</time>
      </trkpt>
      <trkpt lat="32.72556" lon="-116.94404">
        <ele>92.37</ele>
        <time>2026-04-03T17:26:37Z</time>
      </trkpt>
      <trkpt lat="32.72554" lon="-116.94406">
        <ele>92.15</ele>
        <time>2026-04-03T17:26:39Z</time>
      </trkpt>
      <trkpt lat="32.72552" lon="-116.94408">
        <ele>92.0</ele>
        <time>2026-04-03T17:26:42Z</time>
      </trkpt>
      <trkpt lat="32.7255" lon="-116.94411">
        <ele>92.0</ele>
        <time>2026-04-03T17:26:45Z</time>
      </trkpt>
      <trkpt lat="32.72547" lon="-116.94413">
        <ele>92.0</ele>
        <time>2026-04-03T17:26:48Z</time>
      </trkpt>
      <trkpt lat="32.72544" lon="-116.94416">
        <ele>92.0</ele>
        <time>2026-04-03T17:26:51Z</time>
      </trkpt>
      <trkpt lat="32.7254" lon="-116.94418">
        <ele>92.0</ele>
        <time>2026-04-03T17:26:54Z</time>
      </trkpt>
      <trkpt lat="32.72538" lon="-116.94419">
        <ele>92.0</ele>
        <time>2026-04-03T17:26:56Z</time>
      </trkpt>
      <trkpt lat="32.72535" lon="-116.9442">
        <ele>92.0</ele>
        <time>2026-04-03T17:26:58Z</time>
      </trkpt>
      <trkpt lat="32.72531" lon="-116.94421">
        <ele>92.0</ele>
        <time>2026-04-03T17:27:01Z</time>
      </trkpt>
      <trkpt lat="32.72528" lon="-116.94423">
        <ele>92.0</ele>
        <time>2026-04-03T17:27:04Z</time>
      </trkpt>
      <trkpt lat="32.72525" lon="-116.94424">
        <ele>92.06</ele>
        <time>2026-04-03T17:27:06Z</time>
      </trkpt>
      <trkpt lat="32.72522" lon="-116.94425">
        <ele>92.06</ele>
        <time>2026-04-03T17:27:08Z</time>
      </trkpt>
      <trkpt lat="32.72519" lon="-116.94426">
        <ele>92.0</ele>
        <time>2026-04-03T17:27:11Z</time>
      </trkpt>
      <trkpt lat="32.72515" lon="-116.94429">
        <ele>92.38</ele>
        <time>2026-04-03T17:27:14Z</time>
      </trkpt>
      <trkpt lat="32.72512" lon="-116.94431">
        <ele>92.7</ele>
        <time>2026-04-03T17:27:17Z</time>
      </trkpt>
      <trkpt lat="32.72509" lon="-116.94433">
        <ele>93.01</ele>
        <time>2026-04-03T17:27:19Z</time>
      </trkpt>
      <trkpt lat="32.72507" lon="-116.94434">
        <ele>93.03</ele>
        <time>2026-04-03T17:27:21Z</time>
      </trkpt>
      <trkpt lat="32.72503" lon="-116.94436">
        <ele>92.97</ele>
        <time>2026-04-03T17:27:24Z</time>
      </trkpt>
      <trkpt lat="32.72501" lon="-116.94438">
        <ele>92.97</ele>
        <time>2026-04-03T17:27:26Z</time>
      </trkpt>
      <trkpt lat="32.72498" lon="-116.94439">
        <ele>93.22</ele>
        <time>2026-04-03T17:27:28Z</time>
      </trkpt>
      <trkpt lat="32.72495" lon="-116.9444">
        <ele>93.54</ele>
        <time>2026-04-03T17:27:30Z</time>
      </trkpt>
      <trkpt lat="32.72493" lon="-116.94441">
        <ele>93.76</ele>
        <time>2026-04-03T17:27:32Z</time>
      </trkpt>
      <trkpt lat="32.72491" lon="-116.94444">
        <ele>93.97</ele>
        <time>2026-04-03T17:27:34Z</time>
      </trkpt>
      <trkpt lat="32.7249" lon="-116.94447">
        <ele>93.75</ele>
        <time>2026-04-03T17:27:36Z</time>
      </trkpt>
      <trkpt lat="32.72489" lon="-116.9445">
        <ele>93.51</ele>
        <time>2026-04-03T17:27:38Z</time>
      </trkpt>
      <trkpt lat="32.72489" lon="-116.94454">
        <ele>93.18</ele>
        <time>2026-04-03T17:27:40Z</time>
      </trkpt>
      <trkpt lat="32.72489" lon="-116.94457">
        <ele>93.12</ele>
        <time>2026-04-03T17:27:42Z</time>
      </trkpt>
      <trkpt lat="32.72489" lon="-116.9446">
        <ele>93.06</ele>
        <time>2026-04-03T17:27:44Z</time>
      </trkpt>
      <trkpt lat="32.7249" lon="-116.94465">
        <ele>92.8</ele>
        <time>2026-04-03T17:27:47Z</time>
      </trkpt>
      <trkpt lat="32.72491" lon="-116.94469">
        <ele>92.34</ele>
        <time>2026-04-03T17:27:50Z</time>
      </trkpt>
      <trkpt lat="32.72491" lon="-116.94474">
        <ele>92.0</ele>
        <time>2026-04-03T17:27:53Z</time>
      </trkpt>
      <trkpt lat="32.72491" lon="-116.94478">
        <ele>92.0</ele>
        <time>2026-04-03T17:27:56Z</time>
      </trkpt>
      <trkpt lat="32.72489" lon="-116.94481">
        <ele>92.01</ele>
        <time>2026-04-03T17:27:58Z</time>
      </trkpt>
      <trkpt lat="32.72487" lon="-116.94484">
        <ele>92.0</ele>
        <time>2026-04-03T17:28:00Z</time>
      </trkpt>
      <trkpt lat="32.72484" lon="-116.94487">
        <ele>92.0</ele>
        <time>2026-04-03T17:28:02Z</time>
      </trkpt>
      <trkpt lat="32.72482" lon="-116.94489">
        <ele>92.0</ele>
        <time>2026-04-03T17:28:04Z</time>
      </trkpt>
      <trkpt lat="32.7248" lon="-116.9449">
        <ele>92.0</ele>
        <time>2026-04-03T17:28:06Z</time>
      </trkpt>
      <trkpt lat="32.72477" lon="-116.9449">
        <ele>92.0</ele>
        <time>2026-04-03T17:28:08Z</time>
      </trkpt>
      <trkpt lat="32.72474" lon="-116.94489">
        <ele>92.0</ele>
        <time>2026-04-03T17:28:10Z</time>
      </trkpt>
      <trkpt lat="32.72471" lon="-116.9449">
        <ele>92.01</ele>
        <time>2026-04-03T17:28:13Z</time>
      </trkpt>
      <trkpt lat="32.72468" lon="-116.94492">
        <ele>92.0</ele>
        <time>2026-04-03T17:28:15Z</time>
      </trkpt>
      <trkpt lat="32.72465" lon="-116.94494">
        <ele>92.0</ele>
        <time>2026-04-03T17:28:18Z</time>
      </trkpt>
      <trkpt lat="32.72463" lon="-116.94497">
        <ele>92.0</ele>
        <time>2026-04-03T17:28:20Z</time>
      </trkpt>
      <trkpt lat="32.72461" lon="-116.94499">
        <ele>92.0</ele>
        <time>2026-04-03T17:28:22Z</time>
      </trkpt>
      <trkpt lat="32.72458" lon="-116.94502">
        <ele>92.0</ele>
        <time>2026-04-03T17:28:25Z</time>
      </trkpt>
      <trkpt lat="32.72456" lon="-116.94505">
        <ele>92.0</ele>
        <time>2026-04-03T17:28:27Z</time>
      </trkpt>
      <trkpt lat="32.72453" lon="-116.94508">
        <ele>92.0</ele>
        <time>2026-04-03T17:28:30Z</time>
      </trkpt>
      <trkpt lat="32.72452" lon="-116.94511">
        <ele>92.0</ele>
        <time>2026-04-03T17:28:33Z</time>
      </trkpt>
      <trkpt lat="32.72452" lon="-116.94515">
        <ele>92.0</ele>
        <time>2026-04-03T17:28:36Z</time>
      </trkpt>
      <trkpt lat="32.72452" lon="-116.9451">
        <ele>92.0</ele>
        <time>2026-04-03T17:30:07Z</time>
      </trkpt>
      <trkpt lat="32.72446" lon="-116.94511">
        <ele>92.0</ele>
        <time>2026-04-03T17:30:39Z</time>
      </trkpt>
      <trkpt lat="32.72439" lon="-116.94511">
        <ele>92.0</ele>
        <time>2026-04-03T17:30:41Z</time>
      </trkpt>
      <trkpt lat="32.72433" lon="-116.94512">
        <ele>92.0</ele>
        <time>2026-04-03T17:30:43Z</time>
      </trkpt>
      <trkpt lat="32.72427" lon="-116.94512">
        <ele>92.0</ele>
        <time>2026-04-03T17:30:46Z</time>
      </trkpt>
      <trkpt lat="32.72423" lon="-116.94513">
        <ele>92.0</ele>
        <time>2026-04-03T17:30:49Z</time>
      </trkpt>
      <trkpt lat="32.72419" lon="-116.9452">
        <ele>92.0</ele>
        <time>2026-04-03T17:30:52Z</time>
      </trkpt>
      <trkpt lat="32.72415" lon="-116.94525">
        <ele>92.0</ele>
        <time>2026-04-03T17:30:54Z</time>
      </trkpt>
      <trkpt lat="32.72412" lon="-116.9453">
        <ele>92.0</ele>
        <time>2026-04-03T17:30:56Z</time>
      </trkpt>
      <trkpt lat="32.72408" lon="-116.94533">
        <ele>92.0</ele>
        <time>2026-04-03T17:31:00Z</time>
      </trkpt>
      <trkpt lat="32.72404" lon="-116.94534">
        <ele>92.0</ele>
        <time>2026-04-03T17:31:04Z</time>
      </trkpt>
      <trkpt lat="32.72401" lon="-116.94535">
        <ele>92.0</ele>
        <time>2026-04-03T17:31:12Z</time>
      </trkpt>
      <trkpt lat="32.72398" lon="-116.94536">
        <ele>92.0</ele>
        <time>2026-04-03T17:31:15Z</time>
      </trkpt>
      <trkpt lat="32.72394" lon="-116.94537">
        <ele>92.0</ele>
        <time>2026-04-03T17:31:18Z</time>
      </trkpt>
      <trkpt lat="32.72391" lon="-116.94538">
        <ele>92.0</ele>
        <time>2026-04-03T17:31:21Z</time>
      </trkpt>
      <trkpt lat="32.72387" lon="-116.9454">
        <ele>92.0</ele>
        <time>2026-04-03T17:31:24Z</time>
      </trkpt>
      <trkpt lat="32.72384" lon="-116.94542">
        <ele>92.0</ele>
        <time>2026-04-03T17:31:27Z</time>
      </trkpt>
      <trkpt lat="32.72382" lon="-116.94545">
        <ele>92.0</ele>
        <time>2026-04-03T17:31:30Z</time>
      </trkpt>
      <trkpt lat="32.72381" lon="-116.94549">
        <ele>92.0</ele>
        <time>2026-04-03T17:31:32Z</time>
      </trkpt>
      <trkpt lat="32.7238" lon="-116.94552">
        <ele>92.0</ele>
        <time>2026-04-03T17:31:34Z</time>
      </trkpt>
      <trkpt lat="32.72379" lon="-116.94556">
        <ele>92.0</ele>
        <time>2026-04-03T17:31:36Z</time>
      </trkpt>
      <trkpt lat="32.72377" lon="-116.9456">
        <ele>92.0</ele>
        <time>2026-04-03T17:31:39Z</time>
      </trkpt>
      <trkpt lat="32.72375" lon="-116.94563">
        <ele>92.0</ele>
        <time>2026-04-03T17:31:41Z</time>
      </trkpt>
      <trkpt lat="32.72374" lon="-116.94565">
        <ele>92.0</ele>
        <time>2026-04-03T17:31:43Z</time>
      </trkpt>
      <trkpt lat="32.72371" lon="-116.94569">
        <ele>92.0</ele>
        <time>2026-04-03T17:31:46Z</time>
      </trkpt>
      <trkpt lat="32.7237" lon="-116.94572">
        <ele>92.0</ele>
        <time>2026-04-03T17:31:48Z</time>
      </trkpt>
      <trkpt lat="32.72368" lon="-116.94575">
        <ele>91.9</ele>
        <time>2026-04-03T17:31:50Z</time>
      </trkpt>
      <trkpt lat="32.72367" lon="-116.94577">
        <ele>91.68</ele>
        <time>2026-04-03T17:31:52Z</time>
      </trkpt>
      <trkpt lat="32.72365" lon="-116.9458">
        <ele>91.36</ele>
        <time>2026-04-03T17:31:54Z</time>
      </trkpt>
      <trkpt lat="32.72364" lon="-116.94583">
        <ele>91.04</ele>
        <time>2026-04-03T17:31:56Z</time>
      </trkpt>
      <trkpt lat="32.72362" lon="-116.94587">
        <ele>91.0</ele>
        <time>2026-04-03T17:31:59Z</time>
      </trkpt>
      <trkpt lat="32.7236" lon="-116.94591">
        <ele>91.1</ele>
        <time>2026-04-03T17:32:02Z</time>
      </trkpt>
      <trkpt lat="32.72358" lon="-116.94595">
        <ele>91.34</ele>
        <time>2026-04-03T17:32:05Z</time>
      </trkpt>
      <trkpt lat="32.72356" lon="-116.94599">
        <ele>91.55</ele>
        <time>2026-04-03T17:32:08Z</time>
      </trkpt>
      <trkpt lat="32.72353" lon="-116.94602">
        <ele>91.88</ele>
        <time>2026-04-03T17:32:11Z</time>
      </trkpt>
      <trkpt lat="32.72351" lon="-116.94605">
        <ele>92.0</ele>
        <time>2026-04-03T17:32:14Z</time>
      </trkpt>
      <trkpt lat="32.72348" lon="-116.94606">
        <ele>92.0</ele>
        <time>2026-04-03T17:32:18Z</time>
      </trkpt>
      <trkpt lat="32.72345" lon="-116.94608">
        <ele>92.0</ele>
        <time>2026-04-03T17:32:21Z</time>
      </trkpt>
      <trkpt lat="32.72342" lon="-116.94611">
        <ele>92.0</ele>
        <time>2026-04-03T17:32:24Z</time>
      </trkpt>
      <trkpt lat="32.72339" lon="-116.94614">
        <ele>92.0</ele>
        <time>2026-04-03T17:32:27Z</time>
      </trkpt>
      <trkpt lat="32.72337" lon="-116.94616">
        <ele>92.0</ele>
        <time>2026-04-03T17:32:29Z</time>
      </trkpt>
      <trkpt lat="32.72336" lon="-116.94619">
        <ele>92.0</ele>
        <time>2026-04-03T17:32:31Z</time>
      </trkpt>
      <trkpt lat="32.72333" lon="-116.94622">
        <ele>92.0</ele>
        <time>2026-04-03T17:32:34Z</time>
      </trkpt>
      <trkpt lat="32.72331" lon="-116.94625">
        <ele>92.0</ele>
        <time>2026-04-03T17:32:36Z</time>
      </trkpt>
      <trkpt lat="32.72328" lon="-116.94628">
        <ele>92.0</ele>
        <time>2026-04-03T17:32:39Z</time>
      </trkpt>
      <trkpt lat="32.72326" lon="-116.94631">
        <ele>92.0</ele>
        <time>2026-04-03T17:32:42Z</time>
      </trkpt>
      <trkpt lat="32.72324" lon="-116.94633">
        <ele>92.0</ele>
        <time>2026-04-03T17:32:45Z</time>
      </trkpt>
      <trkpt lat="32.72322" lon="-116.94636">
        <ele>92.0</ele>
        <time>2026-04-03T17:32:54Z</time>
      </trkpt>
      <trkpt lat="32.7232" lon="-116.94638">
        <ele>92.0</ele>
        <time>2026-04-03T17:32:56Z</time>
      </trkpt>
      <trkpt lat="32.72318" lon="-116.9464">
        <ele>92.0</ele>
        <time>2026-04-03T17:32:58Z</time>
      </trkpt>
      <trkpt lat="32.72316" lon="-116.94642">
        <ele>92.0</ele>
        <time>2026-04-03T17:33:00Z</time>
      </trkpt>
      <trkpt lat="32.72313" lon="-116.94645">
        <ele>92.0</ele>
        <time>2026-04-03T17:33:03Z</time>
      </trkpt>
      <trkpt lat="32.7231" lon="-116.94648">
        <ele>92.0</ele>
        <time>2026-04-03T17:33:06Z</time>
      </trkpt>
      <trkpt lat="32.72306" lon="-116.94651">
        <ele>91.69</ele>
        <time>2026-04-03T17:33:09Z</time>
      </trkpt>
      <trkpt lat="32.72304" lon="-116.94654">
        <ele>91.47</ele>
        <time>2026-04-03T17:33:12Z</time>
      </trkpt>
      <trkpt lat="32.72301" lon="-116.94658">
        <ele>91.49</ele>
        <time>2026-04-03T17:33:15Z</time>
      </trkpt>
      <trkpt lat="32.72298" lon="-116.94661">
        <ele>91.82</ele>
        <time>2026-04-03T17:33:18Z</time>
      </trkpt>
      <trkpt lat="32.72295" lon="-116.94664">
        <ele>91.9</ele>
        <time>2026-04-03T17:33:21Z</time>
      </trkpt>
      <trkpt lat="32.72293" lon="-116.94667">
        <ele>91.61</ele>
        <time>2026-04-03T17:33:24Z</time>
      </trkpt>
      <trkpt lat="32.7229" lon="-116.9467">
        <ele>90.96</ele>
        <time>2026-04-03T17:33:27Z</time>
      </trkpt>
      <trkpt lat="32.72287" lon="-116.94673">
        <ele>90.32</ele>
        <time>2026-04-03T17:33:30Z</time>
      </trkpt>
      <trkpt lat="32.72285" lon="-116.94675">
        <ele>90.32</ele>
        <time>2026-04-03T17:33:33Z</time>
      </trkpt>
      <trkpt lat="32.72283" lon="-116.94678">
        <ele>90.44</ele>
        <time>2026-04-03T17:33:36Z</time>
      </trkpt>
      <trkpt lat="32.7228" lon="-116.9468">
        <ele>90.76</ele>
        <time>2026-04-03T17:33:40Z</time>
      </trkpt>
      <trkpt lat="32.72282" lon="-116.94677">
        <ele>90.54</ele>
        <time>2026-04-03T17:33:49Z</time>
      </trkpt>
      <trkpt lat="32.72285" lon="-116.94674">
        <ele>90.43</ele>
        <time>2026-04-03T17:33:58Z</time>
      </trkpt>
      <trkpt lat="32.72282" lon="-116.94676">
        <ele>90.54</ele>
        <time>2026-04-03T17:35:47Z</time>
      </trkpt>
      <trkpt lat="32.72275" lon="-116.94677">
        <ele>91.3</ele>
        <time>2026-04-03T17:35:52Z</time>
      </trkpt>
      <trkpt lat="32.7227" lon="-116.94678">
        <ele>91.84</ele>
        <time>2026-04-03T17:35:55Z</time>
      </trkpt>
      <trkpt lat="32.72265" lon="-116.9468">
        <ele>92.21</ele>
        <time>2026-04-03T17:35:59Z</time>
      </trkpt>
      <trkpt lat="32.72263" lon="-116.94684">
        <ele>92.08</ele>
        <time>2026-04-03T17:36:01Z</time>
      </trkpt>
      <trkpt lat="32.7226" lon="-116.9469">
        <ele>91.96</ele>
        <time>2026-04-03T17:36:04Z</time>
      </trkpt>
      <trkpt lat="32.72256" lon="-116.94694">
        <ele>92.0</ele>
        <time>2026-04-03T17:36:08Z</time>
      </trkpt>
      <trkpt lat="32.72252" lon="-116.94696">
        <ele>91.83</ele>
        <time>2026-04-03T17:36:11Z</time>
      </trkpt>
      <trkpt lat="32.72248" lon="-116.94698">
        <ele>91.62</ele>
        <time>2026-04-03T17:36:14Z</time>
      </trkpt>
      <trkpt lat="32.72244" lon="-116.94699">
        <ele>91.51</ele>
        <time>2026-04-03T17:36:17Z</time>
      </trkpt>
      <trkpt lat="32.7224" lon="-116.94701">
        <ele>91.29</ele>
        <time>2026-04-03T17:36:20Z</time>
      </trkpt>
      <trkpt lat="32.72237" lon="-116.94703">
        <ele>91.08</ele>
        <time>2026-04-03T17:36:23Z</time>
      </trkpt>
      <trkpt lat="32.72233" lon="-116.94704">
        <ele>91.0</ele>
        <time>2026-04-03T17:36:26Z</time>
      </trkpt>
      <trkpt lat="32.7223" lon="-116.94706">
        <ele>91.0</ele>
        <time>2026-04-03T17:36:29Z</time>
      </trkpt>
      <trkpt lat="32.72226" lon="-116.94707">
        <ele>91.0</ele>
        <time>2026-04-03T17:36:32Z</time>
      </trkpt>
      <trkpt lat="32.72222" lon="-116.94709">
        <ele>91.01</ele>
        <time>2026-04-03T17:36:35Z</time>
      </trkpt>
      <trkpt lat="32.72218" lon="-116.94711">
        <ele>91.1</ele>
        <time>2026-04-03T17:36:38Z</time>
      </trkpt>
      <trkpt lat="32.72214" lon="-116.94713">
        <ele>91.0</ele>
        <time>2026-04-03T17:36:41Z</time>
      </trkpt>
      <trkpt lat="32.72211" lon="-116.94714">
        <ele>90.91</ele>
        <time>2026-04-03T17:36:44Z</time>
      </trkpt>
      <trkpt lat="32.72207" lon="-116.94717">
        <ele>90.84</ele>
        <time>2026-04-03T17:36:47Z</time>
      </trkpt>
      <trkpt lat="32.72203" lon="-116.94719">
        <ele>91.0</ele>
        <time>2026-04-03T17:36:50Z</time>
      </trkpt>
      <trkpt lat="32.72199" lon="-116.94721">
        <ele>91.0</ele>
        <time>2026-04-03T17:36:53Z</time>
      </trkpt>
      <trkpt lat="32.72195" lon="-116.94723">
        <ele>90.83</ele>
        <time>2026-04-03T17:36:56Z</time>
      </trkpt>
      <trkpt lat="32.72192" lon="-116.94724">
        <ele>90.4</ele>
        <time>2026-04-03T17:36:58Z</time>
      </trkpt>
      <trkpt lat="32.7219" lon="-116.94725">
        <ele>90.06</ele>
        <time>2026-04-03T17:37:00Z</time>
      </trkpt>
      <trkpt lat="32.72187" lon="-116.94727">
        <ele>89.58</ele>
        <time>2026-04-03T17:37:02Z</time>
      </trkpt>
      <trkpt lat="32.72184" lon="-116.94728">
        <ele>89.46</ele>
        <time>2026-04-03T17:37:04Z</time>
      </trkpt>
      <trkpt lat="32.72181" lon="-116.94729">
        <ele>89.6</ele>
        <time>2026-04-03T17:37:06Z</time>
      </trkpt>
      <trkpt lat="32.72179" lon="-116.94731">
        <ele>89.69</ele>
        <time>2026-04-03T17:37:08Z</time>
      </trkpt>
      <trkpt lat="32.72176" lon="-116.94732">
        <ele>89.88</ele>
        <time>2026-04-03T17:37:10Z</time>
      </trkpt>
      <trkpt lat="32.72173" lon="-116.94733">
        <ele>89.72</ele>
        <time>2026-04-03T17:37:12Z</time>
      </trkpt>
      <trkpt lat="32.7217" lon="-116.94735">
        <ele>89.48</ele>
        <time>2026-04-03T17:37:15Z</time>
      </trkpt>
      <trkpt lat="32.72166" lon="-116.94737">
        <ele>89.4</ele>
        <time>2026-04-03T17:37:18Z</time>
      </trkpt>
      <trkpt lat="32.72165" lon="-116.94741">
        <ele>88.97</ele>
        <time>2026-04-03T17:37:25Z</time>
      </trkpt>
      <trkpt lat="32.72161" lon="-116.94742">
        <ele>88.78</ele>
        <time>2026-04-03T17:37:28Z</time>
      </trkpt>
      <trkpt lat="32.72158" lon="-116.94743">
        <ele>88.53</ele>
        <time>2026-04-03T17:37:30Z</time>
      </trkpt>
      <trkpt lat="32.72153" lon="-116.94745">
        <ele>88.08</ele>
        <time>2026-04-03T17:37:33Z</time>
      </trkpt>
      <trkpt lat="32.7215" lon="-116.94746">
        <ele>87.86</ele>
        <time>2026-04-03T17:37:35Z</time>
      </trkpt>
      <trkpt lat="32.72147" lon="-116.94747">
        <ele>87.61</ele>
        <time>2026-04-03T17:37:37Z</time>
      </trkpt>
      <trkpt lat="32.72142" lon="-116.94749">
        <ele>87.14</ele>
        <time>2026-04-03T17:37:40Z</time>
      </trkpt>
      <trkpt lat="32.72138" lon="-116.9475">
        <ele>86.9</ele>
        <time>2026-04-03T17:37:43Z</time>
      </trkpt>
      <trkpt lat="32.72133" lon="-116.94752">
        <ele>86.29</ele>
        <time>2026-04-03T17:37:46Z</time>
      </trkpt>
      <trkpt lat="32.72129" lon="-116.94753">
        <ele>86.0</ele>
        <time>2026-04-03T17:37:49Z</time>
      </trkpt>
      <trkpt lat="32.72126" lon="-116.94755">
        <ele>86.0</ele>
        <time>2026-04-03T17:37:52Z</time>
      </trkpt>
      <trkpt lat="32.72121" lon="-116.94756">
        <ele>86.0</ele>
        <time>2026-04-03T17:37:55Z</time>
      </trkpt>
      <trkpt lat="32.72118" lon="-116.94758">
        <ele>86.0</ele>
        <time>2026-04-03T17:37:58Z</time>
      </trkpt>
      <trkpt lat="32.72115" lon="-116.94756">
        <ele>86.0</ele>
        <time>2026-04-03T17:38:02Z</time>
      </trkpt>
      <trkpt lat="32.72112" lon="-116.94757">
        <ele>86.0</ele>
        <time>2026-04-03T17:38:40Z</time>
      </trkpt>
      <trkpt lat="32.72109" lon="-116.94759">
        <ele>86.0</ele>
        <time>2026-04-03T17:38:42Z</time>
      </trkpt>
      <trkpt lat="32.72107" lon="-116.94761">
        <ele>86.0</ele>
        <time>2026-04-03T17:38:44Z</time>
      </trkpt>
      <trkpt lat="32.72104" lon="-116.94764">
        <ele>86.0</ele>
        <time>2026-04-03T17:38:47Z</time>
      </trkpt>
      <trkpt lat="32.72104" lon="-116.94768">
        <ele>86.0</ele>
        <time>2026-04-03T17:38:51Z</time>
      </trkpt>
      <trkpt lat="32.72105" lon="-116.94771">
        <ele>86.0</ele>
        <time>2026-04-03T17:38:56Z</time>
      </trkpt>
      <trkpt lat="32.72107" lon="-116.94774">
        <ele>86.0</ele>
        <time>2026-04-03T17:39:11Z</time>
      </trkpt>
      <trkpt lat="32.7211" lon="-116.94777">
        <ele>86.0</ele>
        <time>2026-04-03T17:39:15Z</time>
      </trkpt>
      <trkpt lat="32.72113" lon="-116.94779">
        <ele>86.0</ele>
        <time>2026-04-03T17:39:19Z</time>
      </trkpt>
      <trkpt lat="32.72116" lon="-116.94782">
        <ele>86.0</ele>
        <time>2026-04-03T17:39:37Z</time>
      </trkpt>
      <trkpt lat="32.7212" lon="-116.94786">
        <ele>86.0</ele>
        <time>2026-04-03T17:43:25Z</time>
      </trkpt>
      <trkpt lat="32.72127" lon="-116.94792">
        <ele>86.0</ele>
        <time>2026-04-03T17:43:31Z</time>
      </trkpt>
      <trkpt lat="32.72134" lon="-116.94799">
        <ele>86.0</ele>
        <time>2026-04-03T17:43:33Z</time>
      </trkpt>
      <trkpt lat="32.7214" lon="-116.94805">
        <ele>86.0</ele>
        <time>2026-04-03T17:43:35Z</time>
      </trkpt>
      <trkpt lat="32.72143" lon="-116.94808">
        <ele>86.0</ele>
        <time>2026-04-03T17:43:37Z</time>
      </trkpt>
      <trkpt lat="32.72146" lon="-116.94813">
        <ele>86.0</ele>
        <time>2026-04-03T17:43:40Z</time>
      </trkpt>
      <trkpt lat="32.7215" lon="-116.94816">
        <ele>86.03</ele>
        <time>2026-04-03T17:43:44Z</time>
      </trkpt>
      <trkpt lat="32.72154" lon="-116.94818">
        <ele>86.22</ele>
        <time>2026-04-03T17:43:48Z</time>
      </trkpt>
      <trkpt lat="32.72159" lon="-116.94819">
        <ele>86.62</ele>
        <time>2026-04-03T17:43:52Z</time>
      </trkpt>
      <trkpt lat="32.72163" lon="-116.94819">
        <ele>87.06</ele>
        <time>2026-04-03T17:43:55Z</time>
      </trkpt>
      <trkpt lat="32.7216" lon="-116.94822">
        <ele>87.06</ele>
        <time>2026-04-03T17:44:13Z</time>
      </trkpt>
      <trkpt lat="32.72158" lon="-116.94823">
        <ele>86.95</ele>
        <time>2026-04-03T17:44:17Z</time>
      </trkpt>
      <trkpt lat="32.72154" lon="-116.94825">
        <ele>86.73</ele>
        <time>2026-04-03T17:44:20Z</time>
      </trkpt>
      <trkpt lat="32.72151" lon="-116.94828">
        <ele>86.73</ele>
        <time>2026-04-03T17:44:23Z</time>
      </trkpt>
      <trkpt lat="32.72148" lon="-116.94831">
        <ele>86.74</ele>
        <time>2026-04-03T17:44:26Z</time>
      </trkpt>
      <trkpt lat="32.72146" lon="-116.94833">
        <ele>86.74</ele>
        <time>2026-04-03T17:44:28Z</time>
      </trkpt>
      <trkpt lat="32.72144" lon="-116.94836">
        <ele>86.84</ele>
        <time>2026-04-03T17:44:31Z</time>
      </trkpt>
      <trkpt lat="32.72141" lon="-116.94839">
        <ele>86.84</ele>
        <time>2026-04-03T17:44:34Z</time>
      </trkpt>
      <trkpt lat="32.72139" lon="-116.94842">
        <ele>86.95</ele>
        <time>2026-04-03T17:44:37Z</time>
      </trkpt>
      <trkpt lat="32.72136" lon="-116.94846">
        <ele>86.94</ele>
        <time>2026-04-03T17:44:40Z</time>
      </trkpt>
      <trkpt lat="32.72133" lon="-116.94849">
        <ele>86.62</ele>
        <time>2026-04-03T17:44:43Z</time>
      </trkpt>
      <trkpt lat="32.72131" lon="-116.94853">
        <ele>86.4</ele>
        <time>2026-04-03T17:44:46Z</time>
      </trkpt>
      <trkpt lat="32.72129" lon="-116.94856">
        <ele>86.42</ele>
        <time>2026-04-03T17:44:49Z</time>
      </trkpt>
      <trkpt lat="32.72126" lon="-116.9486">
        <ele>86.54</ele>
        <time>2026-04-03T17:44:52Z</time>
      </trkpt>
      <trkpt lat="32.72124" lon="-116.94862">
        <ele>86.49</ele>
        <time>2026-04-03T17:44:54Z</time>
      </trkpt>
      <trkpt lat="32.72122" lon="-116.94865">
        <ele>86.6</ele>
        <time>2026-04-03T17:44:56Z</time>
      </trkpt>
      <trkpt lat="32.7212" lon="-116.94868">
        <ele>86.71</ele>
        <time>2026-04-03T17:44:59Z</time>
      </trkpt>
      <trkpt lat="32.72117" lon="-116.94871">
        <ele>86.7</ele>
        <time>2026-04-03T17:45:02Z</time>
      </trkpt>
      <trkpt lat="32.72113" lon="-116.94873">
        <ele>86.49</ele>
        <time>2026-04-03T17:45:04Z</time>
      </trkpt>
      <trkpt lat="32.7211" lon="-116.94875">
        <ele>86.44</ele>
        <time>2026-04-03T17:45:06Z</time>
      </trkpt>
      <trkpt lat="32.72106" lon="-116.94878">
        <ele>86.37</ele>
        <time>2026-04-03T17:45:08Z</time>
      </trkpt>
      <trkpt lat="32.72103" lon="-116.9488">
        <ele>86.16</ele>
        <time>2026-04-03T17:45:10Z</time>
      </trkpt>
      <trkpt lat="32.721" lon="-116.94882">
        <ele>86.2</ele>
        <time>2026-04-03T17:45:12Z</time>
      </trkpt>
      <trkpt lat="32.72097" lon="-116.94884">
        <ele>86.22</ele>
        <time>2026-04-03T17:45:14Z</time>
      </trkpt>
      <trkpt lat="32.72096" lon="-116.94887">
        <ele>86.29</ele>
        <time>2026-04-03T17:45:17Z</time>
      </trkpt>
      <trkpt lat="32.72095" lon="-116.94891">
        <ele>86.49</ele>
        <time>2026-04-03T17:45:20Z</time>
      </trkpt>
      <trkpt lat="32.72093" lon="-116.94894">
        <ele>86.6</ele>
        <time>2026-04-03T17:45:23Z</time>
      </trkpt>
      <trkpt lat="32.72092" lon="-116.94899">
        <ele>87.02</ele>
        <time>2026-04-03T17:45:26Z</time>
      </trkpt>
      <trkpt lat="32.72091" lon="-116.94903">
        <ele>87.26</ele>
        <time>2026-04-03T17:45:28Z</time>
      </trkpt>
      <trkpt lat="32.7209" lon="-116.94907">
        <ele>87.41</ele>
        <time>2026-04-03T17:45:30Z</time>
      </trkpt>
      <trkpt lat="32.72088" lon="-116.94911">
        <ele>87.2</ele>
        <time>2026-04-03T17:45:33Z</time>
      </trkpt>
      <trkpt lat="32.72087" lon="-116.94914">
        <ele>87.22</ele>
        <time>2026-04-03T17:45:35Z</time>
      </trkpt>
      <trkpt lat="32.72086" lon="-116.94917">
        <ele>87.3</ele>
        <time>2026-04-03T17:45:37Z</time>
      </trkpt>
      <trkpt lat="32.72084" lon="-116.9492">
        <ele>87.1</ele>
        <time>2026-04-03T17:45:39Z</time>
      </trkpt>
      <trkpt lat="32.72083" lon="-116.94923">
        <ele>86.96</ele>
        <time>2026-04-03T17:45:41Z</time>
      </trkpt>
      <trkpt lat="32.72081" lon="-116.94926">
        <ele>86.75</ele>
        <time>2026-04-03T17:45:43Z</time>
      </trkpt>
      <trkpt lat="32.72079" lon="-116.94929">
        <ele>86.71</ele>
        <time>2026-04-03T17:45:46Z</time>
      </trkpt>
      <trkpt lat="32.72076" lon="-116.94928">
        <ele>86.25</ele>
        <time>2026-04-03T17:45:54Z</time>
      </trkpt>
      <trkpt lat="32.72073" lon="-116.94928">
        <ele>86.0</ele>
        <time>2026-04-03T17:45:59Z</time>
      </trkpt>
      <trkpt lat="32.72071" lon="-116.94931">
        <ele>86.0</ele>
        <time>2026-04-03T17:46:02Z</time>
      </trkpt>
      <trkpt lat="32.72069" lon="-116.94933">
        <ele>86.0</ele>
        <time>2026-04-03T17:46:05Z</time>
      </trkpt>
      <trkpt lat="32.72067" lon="-116.94935">
        <ele>86.0</ele>
        <time>2026-04-03T17:46:08Z</time>
      </trkpt>
      <trkpt lat="32.72064" lon="-116.94939">
        <ele>86.0</ele>
        <time>2026-04-03T17:46:11Z</time>
      </trkpt>
      <trkpt lat="32.72062" lon="-116.94943">
        <ele>86.0</ele>
        <time>2026-04-03T17:46:14Z</time>
      </trkpt>
      <trkpt lat="32.72061" lon="-116.94946">
        <ele>86.0</ele>
        <time>2026-04-03T17:46:17Z</time>
      </trkpt>
      <trkpt lat="32.72059" lon="-116.9495">
        <ele>86.0</ele>
        <time>2026-04-03T17:46:20Z</time>
      </trkpt>
      <trkpt lat="32.72057" lon="-116.94955">
        <ele>86.0</ele>
        <time>2026-04-03T17:46:23Z</time>
      </trkpt>
      <trkpt lat="32.72055" lon="-116.94959">
        <ele>86.0</ele>
        <time>2026-04-03T17:46:26Z</time>
      </trkpt>
      <trkpt lat="32.72054" lon="-116.94961">
        <ele>86.0</ele>
        <time>2026-04-03T17:46:28Z</time>
      </trkpt>
      <trkpt lat="32.72051" lon="-116.94964">
        <ele>86.0</ele>
        <time>2026-04-03T17:46:30Z</time>
      </trkpt>
      <trkpt lat="32.72048" lon="-116.94966">
        <ele>86.0</ele>
        <time>2026-04-03T17:46:32Z</time>
      </trkpt>
      <trkpt lat="32.72046" lon="-116.94968">
        <ele>86.0</ele>
        <time>2026-04-03T17:46:34Z</time>
      </trkpt>
      <trkpt lat="32.72043" lon="-116.9497">
        <ele>86.0</ele>
        <time>2026-04-03T17:46:36Z</time>
      </trkpt>
      <trkpt lat="32.72041" lon="-116.94973">
        <ele>86.0</ele>
        <time>2026-04-03T17:46:38Z</time>
      </trkpt>
      <trkpt lat="32.72043" lon="-116.94977">
        <ele>86.0</ele>
        <time>2026-04-03T17:46:41Z</time>
      </trkpt>
      <trkpt lat="32.72044" lon="-116.9498">
        <ele>86.0</ele>
        <time>2026-04-03T17:46:44Z</time>
      </trkpt>
      <trkpt lat="32.72043" lon="-116.94984">
        <ele>86.0</ele>
        <time>2026-04-03T17:46:47Z</time>
      </trkpt>
      <trkpt lat="32.72041" lon="-116.94985">
        <ele>86.0</ele>
        <time>2026-04-03T17:46:56Z</time>
      </trkpt>
      <trkpt lat="32.72041" lon="-116.94982">
        <ele>86.0</ele>
        <time>2026-04-03T17:47:01Z</time>
      </trkpt>
      <trkpt lat="32.72041" lon="-116.94977">
        <ele>86.0</ele>
        <time>2026-04-03T17:47:04Z</time>
      </trkpt>
      <trkpt lat="32.72042" lon="-116.94974">
        <ele>86.0</ele>
        <time>2026-04-03T17:47:07Z</time>
      </trkpt>
      <trkpt lat="32.72043" lon="-116.9497">
        <ele>86.0</ele>
        <time>2026-04-03T17:47:10Z</time>
      </trkpt>
      <trkpt lat="32.72046" lon="-116.94968">
        <ele>86.0</ele>
        <time>2026-04-03T17:47:12Z</time>
      </trkpt>
      <trkpt lat="32.72049" lon="-116.94966">
        <ele>86.0</ele>
        <time>2026-04-03T17:47:14Z</time>
      </trkpt>
      <trkpt lat="32.72053" lon="-116.94964">
        <ele>86.0</ele>
        <time>2026-04-03T17:47:16Z</time>
      </trkpt>
      <trkpt lat="32.72055" lon="-116.94962">
        <ele>86.0</ele>
        <time>2026-04-03T17:47:18Z</time>
      </trkpt>
      <trkpt lat="32.72057" lon="-116.94959">
        <ele>86.0</ele>
        <time>2026-04-03T17:47:21Z</time>
      </trkpt>
      <trkpt lat="32.72058" lon="-116.94955">
        <ele>86.0</ele>
        <time>2026-04-03T17:47:24Z</time>
      </trkpt>
      <trkpt lat="32.72059" lon="-116.94951">
        <ele>86.0</ele>
        <time>2026-04-03T17:47:27Z</time>
      </trkpt>
      <trkpt lat="32.72061" lon="-116.94947">
        <ele>86.0</ele>
        <time>2026-04-03T17:47:30Z</time>
      </trkpt>
      <trkpt lat="32.72063" lon="-116.94942">
        <ele>86.0</ele>
        <time>2026-04-03T17:47:33Z</time>
      </trkpt>
      <trkpt lat="32.72065" lon="-116.94938">
        <ele>86.01</ele>
        <time>2026-04-03T17:47:36Z</time>
      </trkpt>
      <trkpt lat="32.72067" lon="-116.94934">
        <ele>86.0</ele>
        <time>2026-04-03T17:47:39Z</time>
      </trkpt>
      <trkpt lat="32.7207" lon="-116.94931">
        <ele>86.0</ele>
        <time>2026-04-03T17:47:42Z</time>
      </trkpt>
      <trkpt lat="32.72073" lon="-116.94927">
        <ele>86.0</ele>
        <time>2026-04-03T17:47:45Z</time>
      </trkpt>
      <trkpt lat="32.72075" lon="-116.94925">
        <ele>86.1</ele>
        <time>2026-04-03T17:47:47Z</time>
      </trkpt>
      <trkpt lat="32.72077" lon="-116.94922">
        <ele>86.32</ele>
        <time>2026-04-03T17:47:49Z</time>
      </trkpt>
      <trkpt lat="32.7208" lon="-116.94919">
        <ele>86.64</ele>
        <time>2026-04-03T17:47:52Z</time>
      </trkpt>
      <trkpt lat="32.72083" lon="-116.94915">
        <ele>86.79</ele>
        <time>2026-04-03T17:47:55Z</time>
      </trkpt>
      <trkpt lat="32.72085" lon="-116.94912">
        <ele>86.77</ele>
        <time>2026-04-03T17:47:57Z</time>
      </trkpt>
      <trkpt lat="32.72088" lon="-116.94908">
        <ele>87.04</ele>
        <time>2026-04-03T17:48:00Z</time>
      </trkpt>
      <trkpt lat="32.7209" lon="-116.94906">
        <ele>87.33</ele>
        <time>2026-04-03T17:48:02Z</time>
      </trkpt>
      <trkpt lat="32.72091" lon="-116.94903">
        <ele>87.26</ele>
        <time>2026-04-03T17:48:04Z</time>
      </trkpt>
      <trkpt lat="32.72093" lon="-116.949">
        <ele>87.24</ele>
        <time>2026-04-03T17:48:06Z</time>
      </trkpt>
      <trkpt lat="32.72095" lon="-116.94897">
        <ele>87.14</ele>
        <time>2026-04-03T17:48:09Z</time>
      </trkpt>
      <trkpt lat="32.72098" lon="-116.94892">
        <ele>86.92</ele>
        <time>2026-04-03T17:48:12Z</time>
      </trkpt>
      <trkpt lat="32.721" lon="-116.94888">
        <ele>86.72</ele>
        <time>2026-04-03T17:48:15Z</time>
      </trkpt>
      <trkpt lat="32.72102" lon="-116.94885">
        <ele>86.6</ele>
        <time>2026-04-03T17:48:18Z</time>
      </trkpt>
      <trkpt lat="32.72105" lon="-116.94881">
        <ele>86.49</ele>
        <time>2026-04-03T17:48:21Z</time>
      </trkpt>
      <trkpt lat="32.72107" lon="-116.94877">
        <ele>86.4</ele>
        <time>2026-04-03T17:48:24Z</time>
      </trkpt>
      <trkpt lat="32.72109" lon="-116.94874">
        <ele>86.3</ele>
        <time>2026-04-03T17:48:27Z</time>
      </trkpt>
      <trkpt lat="32.72113" lon="-116.9487">
        <ele>86.2</ele>
        <time>2026-04-03T17:49:01Z</time>
      </trkpt>
      <trkpt lat="32.72117" lon="-116.94867">
        <ele>86.4</ele>
        <time>2026-04-03T17:49:06Z</time>
      </trkpt>
      <trkpt lat="32.7212" lon="-116.94863">
        <ele>86.2</ele>
        <time>2026-04-03T17:49:10Z</time>
      </trkpt>
      <trkpt lat="32.72124" lon="-116.94858">
        <ele>86.26</ele>
        <time>2026-04-03T17:49:12Z</time>
      </trkpt>
      <trkpt lat="32.72128" lon="-116.94853">
        <ele>86.1</ele>
        <time>2026-04-03T17:49:14Z</time>
      </trkpt>
      <trkpt lat="32.72132" lon="-116.94848">
        <ele>86.41</ele>
        <time>2026-04-03T17:49:16Z</time>
      </trkpt>
      <trkpt lat="32.72134" lon="-116.94845">
        <ele>86.59</ele>
        <time>2026-04-03T17:49:18Z</time>
      </trkpt>
      <trkpt lat="32.72137" lon="-116.94843">
        <ele>86.83</ele>
        <time>2026-04-03T17:49:20Z</time>
      </trkpt>
      <trkpt lat="32.72139" lon="-116.94839">
        <ele>86.62</ele>
        <time>2026-04-03T17:49:23Z</time>
      </trkpt>
      <trkpt lat="32.72142" lon="-116.94836">
        <ele>86.62</ele>
        <time>2026-04-03T17:49:26Z</time>
      </trkpt>
      <trkpt lat="32.72145" lon="-116.94834">
        <ele>86.73</ele>
        <time>2026-04-03T17:49:28Z</time>
      </trkpt>
      <trkpt lat="32.72147" lon="-116.9483">
        <ele>86.56</ele>
        <time>2026-04-03T17:49:31Z</time>
      </trkpt>
      <trkpt lat="32.72149" lon="-116.94827">
        <ele>86.41</ele>
        <time>2026-04-03T17:49:34Z</time>
      </trkpt>
      <trkpt lat="32.72152" lon="-116.94823">
        <ele>86.37</ele>
        <time>2026-04-03T17:49:37Z</time>
      </trkpt>
      <trkpt lat="32.72154" lon="-116.9482">
        <ele>86.35</ele>
        <time>2026-04-03T17:49:40Z</time>
      </trkpt>
      <trkpt lat="32.72157" lon="-116.94817">
        <ele>86.23</ele>
        <time>2026-04-03T17:49:43Z</time>
      </trkpt>
      <trkpt lat="32.72159" lon="-116.94815">
        <ele>86.19</ele>
        <time>2026-04-03T17:49:45Z</time>
      </trkpt>
      <trkpt lat="32.72162" lon="-116.94812">
        <ele>86.35</ele>
        <time>2026-04-03T17:49:48Z</time>
      </trkpt>
      <trkpt lat="32.72165" lon="-116.94809">
        <ele>86.31</ele>
        <time>2026-04-03T17:49:51Z</time>
      </trkpt>
      <trkpt lat="32.72168" lon="-116.94806">
        <ele>86.19</ele>
        <time>2026-04-03T17:49:54Z</time>
      </trkpt>
      <trkpt lat="32.72172" lon="-116.94804">
        <ele>86.58</ele>
        <time>2026-04-03T17:49:57Z</time>
      </trkpt>
      <trkpt lat="32.72175" lon="-116.94802">
        <ele>86.9</ele>
        <time>2026-04-03T17:50:00Z</time>
      </trkpt>
      <trkpt lat="32.72179" lon="-116.94799">
        <ele>87.1</ele>
        <time>2026-04-03T17:50:03Z</time>
      </trkpt>
      <trkpt lat="32.72182" lon="-116.94797">
        <ele>87.05</ele>
        <time>2026-04-03T17:50:06Z</time>
      </trkpt>
      <trkpt lat="32.72186" lon="-116.94795">
        <ele>87.09</ele>
        <time>2026-04-03T17:50:09Z</time>
      </trkpt>
      <trkpt lat="32.7219" lon="-116.94793">
        <ele>87.52</ele>
        <time>2026-04-03T17:50:12Z</time>
      </trkpt>
      <trkpt lat="32.72193" lon="-116.94791">
        <ele>87.84</ele>
        <time>2026-04-03T17:50:15Z</time>
      </trkpt>
      <trkpt lat="32.72196" lon="-116.9479">
        <ele>88.05</ele>
        <time>2026-04-03T17:50:17Z</time>
      </trkpt>
      <trkpt lat="32.72201" lon="-116.94788">
        <ele>88.07</ele>
        <time>2026-04-03T17:50:19Z</time>
      </trkpt>
      <trkpt lat="32.72205" lon="-116.94787">
        <ele>88.14</ele>
        <time>2026-04-03T17:50:21Z</time>
      </trkpt>
      <trkpt lat="32.72208" lon="-116.94788">
        <ele>88.57</ele>
        <time>2026-04-03T17:50:24Z</time>
      </trkpt>
      <trkpt lat="32.72211" lon="-116.94789">
        <ele>89.0</ele>
        <time>2026-04-03T17:50:28Z</time>
      </trkpt>
      <trkpt lat="32.72215" lon="-116.94788">
        <ele>89.1</ele>
        <time>2026-04-03T17:50:32Z</time>
      </trkpt>
      <trkpt lat="32.72219" lon="-116.94787">
        <ele>89.0</ele>
        <time>2026-04-03T17:50:35Z</time>
      </trkpt>
      <trkpt lat="32.72223" lon="-116.94786">
        <ele>89.08</ele>
        <time>2026-04-03T17:50:38Z</time>
      </trkpt>
      <trkpt lat="32.72227" lon="-116.94785">
        <ele>89.52</ele>
        <time>2026-04-03T17:50:41Z</time>
      </trkpt>
      <trkpt lat="32.7223" lon="-116.94784">
        <ele>89.84</ele>
        <time>2026-04-03T17:50:43Z</time>
      </trkpt>
      <trkpt lat="32.72234" lon="-116.94783">
        <ele>90.15</ele>
        <time>2026-04-03T17:50:46Z</time>
      </trkpt>
      <trkpt lat="32.72237" lon="-116.94781">
        <ele>90.21</ele>
        <time>2026-04-03T17:50:49Z</time>
      </trkpt>
      <trkpt lat="32.7224" lon="-116.94779">
        <ele>90.12</ele>
        <time>2026-04-03T17:50:52Z</time>
      </trkpt>
      <trkpt lat="32.72243" lon="-116.94776">
        <ele>90.24</ele>
        <time>2026-04-03T17:50:56Z</time>
      </trkpt>
      <trkpt lat="32.72243" lon="-116.94773">
        <ele>90.24</ele>
        <time>2026-04-03T17:51:05Z</time>
      </trkpt>
      <trkpt lat="32.72245" lon="-116.94769">
        <ele>90.46</ele>
        <time>2026-04-03T17:51:21Z</time>
      </trkpt>
      <trkpt lat="32.7225" lon="-116.94769">
        <ele>91.0</ele>
        <time>2026-04-03T17:52:48Z</time>
      </trkpt>
      <trkpt lat="32.72255" lon="-116.94768">
        <ele>90.97</ele>
        <time>2026-04-03T17:52:51Z</time>
      </trkpt>
      <trkpt lat="32.72259" lon="-116.94768">
        <ele>91.0</ele>
        <time>2026-04-03T17:52:54Z</time>
      </trkpt>
      <trkpt lat="32.72262" lon="-116.94767">
        <ele>91.25</ele>
        <time>2026-04-03T17:52:57Z</time>
      </trkpt>
      <trkpt lat="32.72265" lon="-116.94764">
        <ele>91.32</ele>
        <time>2026-04-03T17:52:59Z</time>
      </trkpt>
      <trkpt lat="32.72267" lon="-116.94761">
        <ele>91.16</ele>
        <time>2026-04-03T17:53:01Z</time>
      </trkpt>
      <trkpt lat="32.7227" lon="-116.94759">
        <ele>91.0</ele>
        <time>2026-04-03T17:53:03Z</time>
      </trkpt>
      <trkpt lat="32.72274" lon="-116.94756">
        <ele>91.0</ele>
        <time>2026-04-03T17:53:06Z</time>
      </trkpt>
      <trkpt lat="32.72277" lon="-116.94754">
        <ele>91.0</ele>
        <time>2026-04-03T17:53:09Z</time>
      </trkpt>
      <trkpt lat="32.72281" lon="-116.94752">
        <ele>91.08</ele>
        <time>2026-04-03T17:53:12Z</time>
      </trkpt>
      <trkpt lat="32.72284" lon="-116.9475">
        <ele>91.0</ele>
        <time>2026-04-03T17:53:15Z</time>
      </trkpt>
      <trkpt lat="32.72288" lon="-116.94748">
        <ele>91.0</ele>
        <time>2026-04-03T17:53:18Z</time>
      </trkpt>
      <trkpt lat="32.72291" lon="-116.94746">
        <ele>91.0</ele>
        <time>2026-04-03T17:53:21Z</time>
      </trkpt>
      <trkpt lat="32.72295" lon="-116.94744">
        <ele>91.0</ele>
        <time>2026-04-03T17:53:24Z</time>
      </trkpt>
      <trkpt lat="32.72298" lon="-116.94742">
        <ele>91.0</ele>
        <time>2026-04-03T17:53:27Z</time>
      </trkpt>
      <trkpt lat="32.72302" lon="-116.9474">
        <ele>90.92</ele>
        <time>2026-04-03T17:53:30Z</time>
      </trkpt>
      <trkpt lat="32.72305" lon="-116.94739">
        <ele>90.81</ele>
        <time>2026-04-03T17:53:32Z</time>
      </trkpt>
      <trkpt lat="32.72309" lon="-116.94737">
        <ele>90.6</ele>
        <time>2026-04-03T17:53:35Z</time>
      </trkpt>
      <trkpt lat="32.72312" lon="-116.94736">
        <ele>90.49</ele>
        <time>2026-04-03T17:53:38Z</time>
      </trkpt>
      <trkpt lat="32.72316" lon="-116.94734">
        <ele>90.24</ele>
        <time>2026-04-03T17:53:41Z</time>
      </trkpt>
      <trkpt lat="32.7232" lon="-116.94733">
        <ele>90.07</ele>
        <time>2026-04-03T17:53:44Z</time>
      </trkpt>
      <trkpt lat="32.72324" lon="-116.94732">
        <ele>90.0</ele>
        <time>2026-04-03T17:53:47Z</time>
      </trkpt>
      <trkpt lat="32.72327" lon="-116.94731">
        <ele>90.0</ele>
        <time>2026-04-03T17:53:50Z</time>
      </trkpt>
      <trkpt lat="32.72331" lon="-116.9473">
        <ele>90.0</ele>
        <time>2026-04-03T17:53:53Z</time>
      </trkpt>
      <trkpt lat="32.72334" lon="-116.9473">
        <ele>90.06</ele>
        <time>2026-04-03T17:53:56Z</time>
      </trkpt>
      <trkpt lat="32.72337" lon="-116.94732">
        <ele>90.43</ele>
        <time>2026-04-03T17:53:58Z</time>
      </trkpt>
      <trkpt lat="32.7234" lon="-116.94733">
        <ele>90.77</ele>
        <time>2026-04-03T17:54:00Z</time>
      </trkpt>
      <trkpt lat="32.72342" lon="-116.94734">
        <ele>90.95</ele>
        <time>2026-04-03T17:54:02Z</time>
      </trkpt>
      <trkpt lat="32.72346" lon="-116.94733">
        <ele>91.0</ele>
        <time>2026-04-03T17:54:05Z</time>
      </trkpt>
      <trkpt lat="32.7235" lon="-116.94732">
        <ele>91.0</ele>
        <time>2026-04-03T17:54:08Z</time>
      </trkpt>
      <trkpt lat="32.72354" lon="-116.94731">
        <ele>91.22</ele>
        <time>2026-04-03T17:54:11Z</time>
      </trkpt>
      <trkpt lat="32.72358" lon="-116.9473">
        <ele>91.56</ele>
        <time>2026-04-03T17:54:14Z</time>
      </trkpt>
      <trkpt lat="32.72362" lon="-116.94729">
        <ele>91.69</ele>
        <time>2026-04-03T17:54:17Z</time>
      </trkpt>
      <trkpt lat="32.72366" lon="-116.94727">
        <ele>91.5</ele>
        <time>2026-04-03T17:54:20Z</time>
      </trkpt>
      <trkpt lat="32.72368" lon="-116.94726">
        <ele>91.54</ele>
        <time>2026-04-03T17:54:22Z</time>
      </trkpt>
      <trkpt lat="32.72371" lon="-116.94726">
        <ele>91.62</ele>
        <time>2026-04-03T17:54:24Z</time>
      </trkpt>
      <trkpt lat="32.72374" lon="-116.94724">
        <ele>91.88</ele>
        <time>2026-04-03T17:54:27Z</time>
      </trkpt>
      <trkpt lat="32.72378" lon="-116.94722">
        <ele>92.0</ele>
        <time>2026-04-03T17:54:30Z</time>
      </trkpt>
      <trkpt lat="32.72381" lon="-116.94721">
        <ele>92.0</ele>
        <time>2026-04-03T17:54:33Z</time>
      </trkpt>
      <trkpt lat="32.72379" lon="-116.94719">
        <ele>91.98</ele>
        <time>2026-04-03T17:54:44Z</time>
      </trkpt>
      <trkpt lat="32.7238" lon="-116.94723">
        <ele>92.0</ele>
        <time>2026-04-03T17:55:07Z</time>
      </trkpt>
      <trkpt lat="32.72387" lon="-116.94722">
        <ele>92.0</ele>
        <time>2026-04-03T17:57:36Z</time>
      </trkpt>
      <trkpt lat="32.72395" lon="-116.94722">
        <ele>92.0</ele>
        <time>2026-04-03T17:57:38Z</time>
      </trkpt>
      <trkpt lat="32.72401" lon="-116.94722">
        <ele>92.0</ele>
        <time>2026-04-03T17:57:40Z</time>
      </trkpt>
      <trkpt lat="32.72406" lon="-116.94721">
        <ele>92.0</ele>
        <time>2026-04-03T17:57:43Z</time>
      </trkpt>
      <trkpt lat="32.72411" lon="-116.9472">
        <ele>92.0</ele>
        <time>2026-04-03T17:57:47Z</time>
      </trkpt>
      <trkpt lat="32.72416" lon="-116.94719">
        <ele>92.0</ele>
        <time>2026-04-03T17:57:52Z</time>
      </trkpt>
      <trkpt lat="32.7242" lon="-116.94715">
        <ele>92.0</ele>
        <time>2026-04-03T17:57:56Z</time>
      </trkpt>
      <trkpt lat="32.72421" lon="-116.94709">
        <ele>92.0</ele>
        <time>2026-04-03T17:57:58Z</time>
      </trkpt>
      <trkpt lat="32.72423" lon="-116.94704">
        <ele>92.0</ele>
        <time>2026-04-03T17:58:00Z</time>
      </trkpt>
      <trkpt lat="32.72426" lon="-116.94699">
        <ele>92.0</ele>
        <time>2026-04-03T17:58:03Z</time>
      </trkpt>
      <trkpt lat="32.72429" lon="-116.94696">
        <ele>92.0</ele>
        <time>2026-04-03T17:58:06Z</time>
      </trkpt>
      <trkpt lat="32.72432" lon="-116.94694">
        <ele>92.0</ele>
        <time>2026-04-03T17:58:09Z</time>
      </trkpt>
      <trkpt lat="32.72436" lon="-116.94693">
        <ele>91.99</ele>
        <time>2026-04-03T17:58:13Z</time>
      </trkpt>
      <trkpt lat="32.72441" lon="-116.94692">
        <ele>91.83</ele>
        <time>2026-04-03T17:58:17Z</time>
      </trkpt>
      <trkpt lat="32.72444" lon="-116.9469">
        <ele>91.54</ele>
        <time>2026-04-03T17:58:20Z</time>
      </trkpt>
      <trkpt lat="32.72447" lon="-116.94689">
        <ele>91.57</ele>
        <time>2026-04-03T17:58:23Z</time>
      </trkpt>
      <trkpt lat="32.7245" lon="-116.94688">
        <ele>91.72</ele>
        <time>2026-04-03T17:58:26Z</time>
      </trkpt>
      <trkpt lat="32.72454" lon="-116.94686">
        <ele>92.0</ele>
        <time>2026-04-03T17:58:29Z</time>
      </trkpt>
      <trkpt lat="32.72457" lon="-116.94684">
        <ele>92.0</ele>
        <time>2026-04-03T17:58:32Z</time>
      </trkpt>
      <trkpt lat="32.72461" lon="-116.94683">
        <ele>92.0</ele>
        <time>2026-04-03T17:58:35Z</time>
      </trkpt>
      <trkpt lat="32.72464" lon="-116.94681">
        <ele>92.0</ele>
        <time>2026-04-03T17:58:38Z</time>
      </trkpt>
      <trkpt lat="32.72468" lon="-116.9468">
        <ele>92.0</ele>
        <time>2026-04-03T17:58:41Z</time>
      </trkpt>
      <trkpt lat="32.72471" lon="-116.94679">
        <ele>92.0</ele>
        <time>2026-04-03T17:58:44Z</time>
      </trkpt>
      <trkpt lat="32.72475" lon="-116.94678">
        <ele>92.0</ele>
        <time>2026-04-03T17:58:47Z</time>
      </trkpt>
      <trkpt lat="32.72478" lon="-116.94676">
        <ele>92.0</ele>
        <time>2026-04-03T17:58:50Z</time>
      </trkpt>
      <trkpt lat="32.72483" lon="-116.94676">
        <ele>92.0</ele>
        <time>2026-04-03T17:58:53Z</time>
      </trkpt>
      <trkpt lat="32.72487" lon="-116.94675">
        <ele>92.0</ele>
        <time>2026-04-03T17:58:54Z</time>
      </trkpt>
      <trkpt lat="32.72497" lon="-116.94675">
        <ele>92.0</ele>
        <time>2026-04-03T17:58:56Z</time>
      </trkpt>
      <trkpt lat="32.72505" lon="-116.94675">
        <ele>92.0</ele>
        <time>2026-04-03T17:59:01Z</time>
      </trkpt>
      <trkpt lat="32.7251" lon="-116.94673">
        <ele>92.05</ele>
        <time>2026-04-03T17:59:10Z</time>
      </trkpt>
      <trkpt lat="32.72515" lon="-116.94672">
        <ele>92.36</ele>
        <time>2026-04-03T17:59:17Z</time>
      </trkpt>
      <trkpt lat="32.7252" lon="-116.94672">
        <ele>92.58</ele>
        <time>2026-04-03T17:59:22Z</time>
      </trkpt>
      <trkpt lat="32.72524" lon="-116.94671">
        <ele>92.47</ele>
        <time>2026-04-03T17:59:27Z</time>
      </trkpt>
      <trkpt lat="32.72528" lon="-116.9467">
        <ele>92.36</ele>
        <time>2026-04-03T17:59:33Z</time>
      </trkpt>
      <trkpt lat="32.72532" lon="-116.94669">
        <ele>92.25</ele>
        <time>2026-04-03T17:59:38Z</time>
      </trkpt>
      <trkpt lat="32.72536" lon="-116.94668">
        <ele>92.14</ele>
        <time>2026-04-03T17:59:41Z</time>
      </trkpt>
      <trkpt lat="32.7254" lon="-116.94668">
        <ele>92.46</ele>
        <time>2026-04-03T17:59:44Z</time>
      </trkpt>
      <trkpt lat="32.72544" lon="-116.94668">
        <ele>92.9</ele>
        <time>2026-04-03T17:59:47Z</time>
      </trkpt>
      <trkpt lat="32.72546" lon="-116.94671">
        <ele>93.44</ele>
        <time>2026-04-03T17:59:49Z</time>
      </trkpt>
      <trkpt lat="32.72549" lon="-116.94674">
        <ele>93.79</ele>
        <time>2026-04-03T17:59:51Z</time>
      </trkpt>
      <trkpt lat="32.72553" lon="-116.94677">
        <ele>94.12</ele>
        <time>2026-04-03T17:59:54Z</time>
      </trkpt>
      <trkpt lat="32.72556" lon="-116.9468">
        <ele>94.44</ele>
        <time>2026-04-03T17:59:57Z</time>
      </trkpt>
      <trkpt lat="32.72557" lon="-116.94683">
        <ele>94.76</ele>
        <time>2026-04-03T18:00:00Z</time>
      </trkpt>
      <trkpt lat="32.72555" lon="-116.94685">
        <ele>94.98</ele>
        <time>2026-04-03T18:00:11Z</time>
      </trkpt>
      <trkpt lat="32.72557" lon="-116.94682">
        <ele>94.66</ele>
        <time>2026-04-03T18:00:55Z</time>
      </trkpt>
      <trkpt lat="32.72565" lon="-116.94678">
        <ele>94.22</ele>
        <time>2026-04-03T18:03:14Z</time>
      </trkpt>
      <trkpt lat="32.72572" lon="-116.94678">
        <ele>94.22</ele>
        <time>2026-04-03T18:03:16Z</time>
      </trkpt>
      <trkpt lat="32.72577" lon="-116.94677">
        <ele>94.12</ele>
        <time>2026-04-03T18:03:18Z</time>
      </trkpt>
      <trkpt lat="32.72582" lon="-116.94677">
        <ele>94.12</ele>
        <time>2026-04-03T18:03:21Z</time>
      </trkpt>
      <trkpt lat="32.72586" lon="-116.94672">
        <ele>93.58</ele>
        <time>2026-04-03T18:03:24Z</time>
      </trkpt>
      <trkpt lat="32.72588" lon="-116.94667">
        <ele>93.04</ele>
        <time>2026-04-03T18:03:26Z</time>
      </trkpt>
      <trkpt lat="32.72592" lon="-116.94662">
        <ele>92.5</ele>
        <time>2026-04-03T18:03:29Z</time>
      </trkpt>
      <trkpt lat="32.72596" lon="-116.94661">
        <ele>92.39</ele>
        <time>2026-04-03T18:03:33Z</time>
      </trkpt>
      <trkpt lat="32.726" lon="-116.94659">
        <ele>92.17</ele>
        <time>2026-04-03T18:03:36Z</time>
      </trkpt>
      <trkpt lat="32.72603" lon="-116.94659">
        <ele>92.17</ele>
        <time>2026-04-03T18:03:39Z</time>
      </trkpt>
      <trkpt lat="32.72607" lon="-116.94659">
        <ele>92.17</ele>
        <time>2026-04-03T18:03:42Z</time>
      </trkpt>
      <trkpt lat="32.72611" lon="-116.94658">
        <ele>92.06</ele>
        <time>2026-04-03T18:03:45Z</time>
      </trkpt>
      <trkpt lat="32.72615" lon="-116.94657">
        <ele>92.4</ele>
        <time>2026-04-03T18:03:48Z</time>
      </trkpt>
      <trkpt lat="32.72618" lon="-116.94656">
        <ele>92.63</ele>
        <time>2026-04-03T18:03:51Z</time>
      </trkpt>
      <trkpt lat="32.72622" lon="-116.94656">
        <ele>92.87</ele>
        <time>2026-04-03T18:03:54Z</time>
      </trkpt>
      <trkpt lat="32.72625" lon="-116.94655">
        <ele>92.87</ele>
        <time>2026-04-03T18:03:57Z</time>
      </trkpt>
      <trkpt lat="32.72629" lon="-116.94655">
        <ele>92.98</ele>
        <time>2026-04-03T18:04:00Z</time>
      </trkpt>
      <trkpt lat="32.72632" lon="-116.94654">
        <ele>93.0</ele>
        <time>2026-04-03T18:04:03Z</time>
      </trkpt>
      <trkpt lat="32.72636" lon="-116.94654">
        <ele>93.0</ele>
        <time>2026-04-03T18:04:06Z</time>
      </trkpt>
      <trkpt lat="32.7264" lon="-116.94653">
        <ele>93.0</ele>
        <time>2026-04-03T18:04:09Z</time>
      </trkpt>
      <trkpt lat="32.72644" lon="-116.94653">
        <ele>93.0</ele>
        <time>2026-04-03T18:04:12Z</time>
      </trkpt>
      <trkpt lat="32.72648" lon="-116.94652">
        <ele>93.0</ele>
        <time>2026-04-03T18:04:15Z</time>
      </trkpt>
      <trkpt lat="32.72652" lon="-116.94652">
        <ele>93.17</ele>
        <time>2026-04-03T18:04:18Z</time>
      </trkpt>
      <trkpt lat="32.72656" lon="-116.94652">
        <ele>93.35</ele>
        <time>2026-04-03T18:04:21Z</time>
      </trkpt>
      <trkpt lat="32.7266" lon="-116.94651">
        <ele>93.31</ele>
        <time>2026-04-03T18:04:24Z</time>
      </trkpt>
      <trkpt lat="32.72664" lon="-116.94651">
        <ele>93.31</ele>
        <time>2026-04-03T18:04:27Z</time>
      </trkpt>
      <trkpt lat="32.72667" lon="-116.9465">
        <ele>93.2</ele>
        <time>2026-04-03T18:04:29Z</time>
      </trkpt>
      <trkpt lat="32.7267" lon="-116.9465">
        <ele>93.2</ele>
        <time>2026-04-03T18:04:31Z</time>
      </trkpt>
      <trkpt lat="32.72672" lon="-116.9465">
        <ele>93.2</ele>
        <time>2026-04-03T18:04:33Z</time>
      </trkpt>
      <trkpt lat="32.72675" lon="-116.94649">
        <ele>93.09</ele>
        <time>2026-04-03T18:04:35Z</time>
      </trkpt>
      <trkpt lat="32.72679" lon="-116.94649">
        <ele>93.09</ele>
        <time>2026-04-03T18:04:38Z</time>
      </trkpt>
      <trkpt lat="32.72682" lon="-116.94648">
        <ele>92.98</ele>
        <time>2026-04-03T18:04:40Z</time>
      </trkpt>
      <trkpt lat="32.72686" lon="-116.94648">
        <ele>92.98</ele>
        <time>2026-04-03T18:04:43Z</time>
      </trkpt>
      <trkpt lat="32.7269" lon="-116.94647">
        <ele>92.88</ele>
        <time>2026-04-03T18:04:46Z</time>
      </trkpt>
      <trkpt lat="32.72694" lon="-116.94647">
        <ele>92.88</ele>
        <time>2026-04-03T18:04:49Z</time>
      </trkpt>
      <trkpt lat="32.72698" lon="-116.94646">
        <ele>92.77</ele>
        <time>2026-04-03T18:04:52Z</time>
      </trkpt>
      <trkpt lat="32.72702" lon="-116.94646">
        <ele>92.77</ele>
        <time>2026-04-03T18:04:55Z</time>
      </trkpt>
      <trkpt lat="32.72706" lon="-116.94645">
        <ele>92.66</ele>
        <time>2026-04-03T18:04:58Z</time>
      </trkpt>
      <trkpt lat="32.72709" lon="-116.94645">
        <ele>92.66</ele>
        <time>2026-04-03T18:05:01Z</time>
      </trkpt>
      <trkpt lat="32.72713" lon="-116.94644">
        <ele>92.55</ele>
        <time>2026-04-03T18:05:04Z</time>
      </trkpt>
      <trkpt lat="32.72717" lon="-116.94643">
        <ele>92.44</ele>
        <time>2026-04-03T18:05:07Z</time>
      </trkpt>
      <trkpt lat="32.7272" lon="-116.94642">
        <ele>92.34</ele>
        <time>2026-04-03T18:05:10Z</time>
      </trkpt>
      <trkpt lat="32.72724" lon="-116.94642">
        <ele>92.34</ele>
        <time>2026-04-03T18:05:13Z</time>
      </trkpt>
      <trkpt lat="32.72728" lon="-116.94641">
        <ele>92.23</ele>
        <time>2026-04-03T18:05:16Z</time>
      </trkpt>
      <trkpt lat="32.72731" lon="-116.94641">
        <ele>92.23</ele>
        <time>2026-04-03T18:05:19Z</time>
      </trkpt>
      <trkpt lat="32.72735" lon="-116.9464">
        <ele>92.12</ele>
        <time>2026-04-03T18:05:22Z</time>
      </trkpt>
      <trkpt lat="32.72739" lon="-116.94639">
        <ele>92.01</ele>
        <time>2026-04-03T18:05:25Z</time>
      </trkpt>
      <trkpt lat="32.72743" lon="-116.94639">
        <ele>92.01</ele>
        <time>2026-04-03T18:05:28Z</time>
      </trkpt>
      <trkpt lat="32.72746" lon="-116.94638">
        <ele>92.0</ele>
        <time>2026-04-03T18:05:31Z</time>
      </trkpt>
      <trkpt lat="32.7275" lon="-116.94638">
        <ele>92.0</ele>
        <time>2026-04-03T18:05:34Z</time>
      </trkpt>
      <trkpt lat="32.72754" lon="-116.94637">
        <ele>92.0</ele>
        <time>2026-04-03T18:05:37Z</time>
      </trkpt>
      <trkpt lat="32.72757" lon="-116.94636">
        <ele>92.0</ele>
        <time>2026-04-03T18:05:40Z</time>
      </trkpt>
      <trkpt lat="32.72761" lon="-116.94636">
        <ele>92.13</ele>
        <time>2026-04-03T18:05:43Z</time>
      </trkpt>
      <trkpt lat="32.72765" lon="-116.94635">
        <ele>92.36</ele>
        <time>2026-04-03T18:05:46Z</time>
      </trkpt>
      <trkpt lat="32.72769" lon="-116.94635">
        <ele>92.58</ele>
        <time>2026-04-03T18:05:49Z</time>
      </trkpt>
      <trkpt lat="32.72773" lon="-116.94634">
        <ele>92.47</ele>
        <time>2026-04-03T18:05:52Z</time>
      </trkpt>
      <trkpt lat="32.72777" lon="-116.94634">
        <ele>92.47</ele>
        <time>2026-04-03T18:05:55Z</time>
      </trkpt>
      <trkpt lat="32.72781" lon="-116.94633">
        <ele>92.59</ele>
        <time>2026-04-03T18:05:58Z</time>
      </trkpt>
      <trkpt lat="32.72785" lon="-116.94633">
        <ele>92.86</ele>
        <time>2026-04-03T18:06:01Z</time>
      </trkpt>
      <trkpt lat="32.72789" lon="-116.94632">
        <ele>93.0</ele>
        <time>2026-04-03T18:06:04Z</time>
      </trkpt>
      <trkpt lat="32.72793" lon="-116.94632">
        <ele>93.0</ele>
        <time>2026-04-03T18:06:07Z</time>
      </trkpt>
      <trkpt lat="32.72797" lon="-116.94631">
        <ele>93.01</ele>
        <time>2026-04-03T18:06:10Z</time>
      </trkpt>
      <trkpt lat="32.72801" lon="-116.94631">
        <ele>93.08</ele>
        <time>2026-04-03T18:06:13Z</time>
      </trkpt>
      <trkpt lat="32.72806" lon="-116.9463">
        <ele>93.04</ele>
        <time>2026-04-03T18:06:16Z</time>
      </trkpt>
      <trkpt lat="32.7281" lon="-116.9463">
        <ele>93.04</ele>
        <time>2026-04-03T18:06:19Z</time>
      </trkpt>
      <trkpt lat="32.72814" lon="-116.94629">
        <ele>92.99</ele>
        <time>2026-04-03T18:06:22Z</time>
      </trkpt>
      <trkpt lat="32.72818" lon="-116.94629">
        <ele>93.0</ele>
        <time>2026-04-03T18:06:25Z</time>
      </trkpt>
      <trkpt lat="32.72822" lon="-116.94629">
        <ele>93.0</ele>
        <time>2026-04-03T18:06:28Z</time>
      </trkpt>
      <trkpt lat="32.72826" lon="-116.94628">
        <ele>93.0</ele>
        <time>2026-04-03T18:06:31Z</time>
      </trkpt>
      <trkpt lat="32.7283" lon="-116.94628">
        <ele>93.0</ele>
        <time>2026-04-03T18:06:34Z</time>
      </trkpt>
      <trkpt lat="32.72834" lon="-116.94628">
        <ele>93.06</ele>
        <time>2026-04-03T18:06:37Z</time>
      </trkpt>
      <trkpt lat="32.72838" lon="-116.94627">
        <ele>93.36</ele>
        <time>2026-04-03T18:06:40Z</time>
      </trkpt>
      <trkpt lat="32.72842" lon="-116.94627">
        <ele>93.67</ele>
        <time>2026-04-03T18:06:43Z</time>
      </trkpt>
      <trkpt lat="32.72846" lon="-116.94627">
        <ele>93.72</ele>
        <time>2026-04-03T18:06:46Z</time>
      </trkpt>
      <trkpt lat="32.7285" lon="-116.94626">
        <ele>93.61</ele>
        <time>2026-04-03T18:06:49Z</time>
      </trkpt>
      <trkpt lat="32.72855" lon="-116.94626">
        <ele>93.61</ele>
        <time>2026-04-03T18:06:52Z</time>
      </trkpt>
      <trkpt lat="32.72859" lon="-116.94626">
        <ele>93.61</ele>
        <time>2026-04-03T18:06:55Z</time>
      </trkpt>
      <trkpt lat="32.72863" lon="-116.94629">
        <ele>93.74</ele>
        <time>2026-04-03T18:06:58Z</time>
      </trkpt>
      <trkpt lat="32.72865" lon="-116.94631">
        <ele>93.64</ele>
        <time>2026-04-03T18:07:00Z</time>
      </trkpt>
      <trkpt lat="32.7287" lon="-116.94632">
        <ele>93.29</ele>
        <time>2026-04-03T18:07:03Z</time>
      </trkpt>
      <trkpt lat="32.72874" lon="-116.94632">
        <ele>93.16</ele>
        <time>2026-04-03T18:07:06Z</time>
      </trkpt>
      <trkpt lat="32.72878" lon="-116.94632">
        <ele>93.05</ele>
        <time>2026-04-03T18:07:09Z</time>
      </trkpt>
      <trkpt lat="32.72882" lon="-116.94632">
        <ele>92.74</ele>
        <time>2026-04-03T18:07:12Z</time>
      </trkpt>
      <trkpt lat="32.72886" lon="-116.94631">
        <ele>92.31</ele>
        <time>2026-04-03T18:07:15Z</time>
      </trkpt>
      <trkpt lat="32.72885" lon="-116.94627">
        <ele>92.42</ele>
        <time>2026-04-03T18:07:29Z</time>
      </trkpt>
      <trkpt lat="32.72889" lon="-116.94629">
        <ele>92.0</ele>
        <time>2026-04-03T18:07:38Z</time>
      </trkpt>
      <trkpt lat="32.72895" lon="-116.94629">
        <ele>92.0</ele>
        <time>2026-04-03T18:07:40Z</time>
      </trkpt>
      <trkpt lat="32.72899" lon="-116.94629">
        <ele>92.0</ele>
        <time>2026-04-03T18:07:42Z</time>
      </trkpt>
      <trkpt lat="32.72903" lon="-116.9463">
        <ele>92.0</ele>
        <time>2026-04-03T18:07:44Z</time>
      </trkpt>
      <trkpt lat="32.72907" lon="-116.9463">
        <ele>92.0</ele>
        <time>2026-04-03T18:07:46Z</time>
      </trkpt>
      <trkpt lat="32.72912" lon="-116.94631">
        <ele>92.5</ele>
        <time>2026-04-03T18:07:48Z</time>
      </trkpt>
      <trkpt lat="32.72916" lon="-116.94631">
        <ele>92.93</ele>
        <time>2026-04-03T18:07:51Z</time>
      </trkpt>
      <trkpt lat="32.7292" lon="-116.94632">
        <ele>93.09</ele>
        <time>2026-04-03T18:07:54Z</time>
      </trkpt>
      <trkpt lat="32.72924" lon="-116.94632">
        <ele>93.2</ele>
        <time>2026-04-03T18:07:57Z</time>
      </trkpt>
      <trkpt lat="32.72927" lon="-116.94632">
        <ele>93.34</ele>
        <time>2026-04-03T18:08:00Z</time>
      </trkpt>
      <trkpt lat="32.72931" lon="-116.94633">
        <ele>93.71</ele>
        <time>2026-04-03T18:08:03Z</time>
      </trkpt>
      <trkpt lat="32.72934" lon="-116.94632">
        <ele>93.9</ele>
        <time>2026-04-03T18:08:06Z</time>
      </trkpt>
      <trkpt lat="32.72938" lon="-116.94628">
        <ele>94.25</ele>
        <time>2026-04-03T18:08:09Z</time>
      </trkpt>
      <trkpt lat="32.72942" lon="-116.94624">
        <ele>94.29</ele>
        <time>2026-04-03T18:08:12Z</time>
      </trkpt>
      <trkpt lat="32.72946" lon="-116.94622">
        <ele>94.31</ele>
        <time>2026-04-03T18:08:15Z</time>
      </trkpt>
      <trkpt lat="32.72949" lon="-116.9462">
        <ele>94.47</ele>
        <time>2026-04-03T18:08:18Z</time>
      </trkpt>
      <trkpt lat="32.72953" lon="-116.9462">
        <ele>94.89</ele>
        <time>2026-04-03T18:08:21Z</time>
      </trkpt>
      <trkpt lat="32.72956" lon="-116.94622">
        <ele>95.04</ele>
        <time>2026-04-03T18:08:24Z</time>
      </trkpt>
      <trkpt lat="32.72958" lon="-116.94625">
        <ele>95.23</ele>
        <time>2026-04-03T18:08:26Z</time>
      </trkpt>
      <trkpt lat="32.72962" lon="-116.94626">
        <ele>95.54</ele>
        <time>2026-04-03T18:08:29Z</time>
      </trkpt>
      <trkpt lat="32.72966" lon="-116.94625">
        <ele>95.66</ele>
        <time>2026-04-03T18:08:32Z</time>
      </trkpt>
      <trkpt lat="32.7297" lon="-116.94624">
        <ele>95.85</ele>
        <time>2026-04-03T18:08:35Z</time>
      </trkpt>
      <trkpt lat="32.72973" lon="-116.94623">
        <ele>96.02</ele>
        <time>2026-04-03T18:08:38Z</time>
      </trkpt>
      <trkpt lat="32.72977" lon="-116.94623">
        <ele>96.15</ele>
        <time>2026-04-03T18:08:41Z</time>
      </trkpt>
      <trkpt lat="32.72981" lon="-116.94622">
        <ele>96.17</ele>
        <time>2026-04-03T18:08:44Z</time>
      </trkpt>
      <trkpt lat="32.72985" lon="-116.9462">
        <ele>96.36</ele>
        <time>2026-04-03T18:08:47Z</time>
      </trkpt>
      <trkpt lat="32.72989" lon="-116.94619">
        <ele>96.69</ele>
        <time>2026-04-03T18:08:50Z</time>
      </trkpt>
      <trkpt lat="32.72991" lon="-116.94618">
        <ele>96.77</ele>
        <time>2026-04-03T18:08:52Z</time>
      </trkpt>
      <trkpt lat="32.72994" lon="-116.94616">
        <ele>96.88</ele>
        <time>2026-04-03T18:08:54Z</time>
      </trkpt>
      <trkpt lat="32.72996" lon="-116.94615">
        <ele>96.99</ele>
        <time>2026-04-03T18:08:56Z</time>
      </trkpt>
      <trkpt lat="32.72999" lon="-116.94611">
        <ele>96.88</ele>
        <time>2026-04-03T18:08:58Z</time>
      </trkpt>
      <trkpt lat="32.73001" lon="-116.94608">
        <ele>96.77</ele>
        <time>2026-04-03T18:09:00Z</time>
      </trkpt>
      <trkpt lat="32.73004" lon="-116.94606">
        <ele>96.88</ele>
        <time>2026-04-03T18:09:02Z</time>
      </trkpt>
      <trkpt lat="32.73006" lon="-116.94605">
        <ele>96.99</ele>
        <time>2026-04-03T18:09:04Z</time>
      </trkpt>
      <trkpt lat="32.73009" lon="-116.94603">
        <ele>97.1</ele>
        <time>2026-04-03T18:09:06Z</time>
      </trkpt>
      <trkpt lat="32.73011" lon="-116.94602">
        <ele>97.02</ele>
        <time>2026-04-03T18:09:08Z</time>
      </trkpt>
      <trkpt lat="32.73014" lon="-116.946">
        <ele>96.7</ele>
        <time>2026-04-03T18:09:10Z</time>
      </trkpt>
      <trkpt lat="32.73016" lon="-116.94599">
        <ele>96.61</ele>
        <time>2026-04-03T18:09:12Z</time>
      </trkpt>
      <trkpt lat="32.73019" lon="-116.94598">
        <ele>96.64</ele>
        <time>2026-04-03T18:09:14Z</time>
      </trkpt>
      <trkpt lat="32.73023" lon="-116.94596">
        <ele>96.85</ele>
        <time>2026-04-03T18:09:17Z</time>
      </trkpt>
      <trkpt lat="32.73027" lon="-116.94594">
        <ele>97.07</ele>
        <time>2026-04-03T18:09:20Z</time>
      </trkpt>
      <trkpt lat="32.7303" lon="-116.94592">
        <ele>96.94</ele>
        <time>2026-04-03T18:09:23Z</time>
      </trkpt>
      <trkpt lat="32.73034" lon="-116.9459">
        <ele>96.72</ele>
        <time>2026-04-03T18:09:26Z</time>
      </trkpt>
      <trkpt lat="32.73037" lon="-116.94588">
        <ele>96.5</ele>
        <time>2026-04-03T18:09:29Z</time>
      </trkpt>
      <trkpt lat="32.73041" lon="-116.94586">
        <ele>96.72</ele>
        <time>2026-04-03T18:09:32Z</time>
      </trkpt>
      <trkpt lat="32.73044" lon="-116.94584">
        <ele>96.82</ele>
        <time>2026-04-03T18:09:35Z</time>
      </trkpt>
      <trkpt lat="32.73046" lon="-116.94582">
        <ele>96.82</ele>
        <time>2026-04-03T18:09:38Z</time>
      </trkpt>
      <trkpt lat="32.73049" lon="-116.94579">
        <ele>96.82</ele>
        <time>2026-04-03T18:09:42Z</time>
      </trkpt>
      <trkpt lat="32.73052" lon="-116.94577">
        <ele>96.93</ele>
        <time>2026-04-03T18:09:45Z</time>
      </trkpt>
      <trkpt lat="32.73055" lon="-116.94575">
        <ele>97.04</ele>
        <time>2026-04-03T18:09:48Z</time>
      </trkpt>
      <trkpt lat="32.73059" lon="-116.94573">
        <ele>97.26</ele>
        <time>2026-04-03T18:09:51Z</time>
      </trkpt>
      <trkpt lat="32.73062" lon="-116.94571">
        <ele>97.36</ele>
        <time>2026-04-03T18:09:54Z</time>
      </trkpt>
      <trkpt lat="32.73066" lon="-116.94569">
        <ele>97.58</ele>
        <time>2026-04-03T18:09:57Z</time>
      </trkpt>
      <trkpt lat="32.73069" lon="-116.94567">
        <ele>97.69</ele>
        <time>2026-04-03T18:10:00Z</time>
      </trkpt>
      <trkpt lat="32.73072" lon="-116.94565">
        <ele>97.8</ele>
        <time>2026-04-03T18:10:03Z</time>
      </trkpt>
      <trkpt lat="32.73075" lon="-116.94563">
        <ele>97.8</ele>
        <time>2026-04-03T18:10:06Z</time>
      </trkpt>
      <trkpt lat="32.73079" lon="-116.9456">
        <ele>97.48</ele>
        <time>2026-04-03T18:10:09Z</time>
      </trkpt>
      <trkpt lat="32.73082" lon="-116.94558">
        <ele>97.26</ele>
        <time>2026-04-03T18:10:12Z</time>
      </trkpt>
      <trkpt lat="32.73086" lon="-116.94556">
        <ele>97.34</ele>
        <time>2026-04-03T18:10:15Z</time>
      </trkpt>
      <trkpt lat="32.73089" lon="-116.94554">
        <ele>97.44</ele>
        <time>2026-04-03T18:10:18Z</time>
      </trkpt>
      <trkpt lat="32.73093" lon="-116.94552">
        <ele>97.66</ele>
        <time>2026-04-03T18:10:21Z</time>
      </trkpt>
      <trkpt lat="32.73096" lon="-116.9455">
        <ele>97.77</ele>
        <time>2026-04-03T18:10:24Z</time>
      </trkpt>
      <trkpt lat="32.731" lon="-116.94549">
        <ele>98.09</ele>
        <time>2026-04-03T18:10:27Z</time>
      </trkpt>
      <trkpt lat="32.73104" lon="-116.94547">
        <ele>98.29</ele>
        <time>2026-04-03T18:10:30Z</time>
      </trkpt>
      <trkpt lat="32.73108" lon="-116.94545">
        <ele>98.52</ele>
        <time>2026-04-03T18:10:33Z</time>
      </trkpt>
      <trkpt lat="32.7311" lon="-116.94543">
        <ele>98.52</ele>
        <time>2026-04-03T18:10:35Z</time>
      </trkpt>
      <trkpt lat="32.73113" lon="-116.94542">
        <ele>98.63</ele>
        <time>2026-04-03T18:10:37Z</time>
      </trkpt>
      <trkpt lat="32.73115" lon="-116.94541">
        <ele>98.67</ele>
        <time>2026-04-03T18:10:39Z</time>
      </trkpt>
      <trkpt lat="32.73119" lon="-116.94538">
        <ele>98.87</ele>
        <time>2026-04-03T18:10:42Z</time>
      </trkpt>
      <trkpt lat="32.73123" lon="-116.94536">
        <ele>98.81</ele>
        <time>2026-04-03T18:10:45Z</time>
      </trkpt>
      <trkpt lat="32.73126" lon="-116.94534">
        <ele>98.54</ele>
        <time>2026-04-03T18:10:48Z</time>
      </trkpt>
      <trkpt lat="32.7313" lon="-116.94532">
        <ele>98.46</ele>
        <time>2026-04-03T18:10:51Z</time>
      </trkpt>
      <trkpt lat="32.73133" lon="-116.94529">
        <ele>98.13</ele>
        <time>2026-04-03T18:10:54Z</time>
      </trkpt>
      <trkpt lat="32.73137" lon="-116.94527">
        <ele>97.9</ele>
        <time>2026-04-03T18:10:57Z</time>
      </trkpt>
      <trkpt lat="32.7314" lon="-116.94524">
        <ele>97.59</ele>
        <time>2026-04-03T18:11:00Z</time>
      </trkpt>
      <trkpt lat="32.73144" lon="-116.94522">
        <ele>97.38</ele>
        <time>2026-04-03T18:11:03Z</time>
      </trkpt>
      <trkpt lat="32.73147" lon="-116.94519">
        <ele>97.05</ele>
        <time>2026-04-03T18:11:06Z</time>
      </trkpt>
      <trkpt lat="32.7315" lon="-116.94517">
        <ele>97.07</ele>
        <time>2026-04-03T18:11:09Z</time>
      </trkpt>
      <trkpt lat="32.73154" lon="-116.94514">
        <ele>97.45</ele>
        <time>2026-04-03T18:11:12Z</time>
      </trkpt>
      <trkpt lat="32.73157" lon="-116.94512">
        <ele>97.93</ele>
        <time>2026-04-03T18:11:15Z</time>
      </trkpt>
      <trkpt lat="32.7316" lon="-116.94509">
        <ele>98.26</ele>
        <time>2026-04-03T18:11:17Z</time>
      </trkpt>
      <trkpt lat="32.73162" lon="-116.94505">
        <ele>98.26</ele>
        <time>2026-04-03T18:11:19Z</time>
      </trkpt>
      <trkpt lat="32.73164" lon="-116.945">
        <ele>98.42</ele>
        <time>2026-04-03T18:11:21Z</time>
      </trkpt>
      <trkpt lat="32.73166" lon="-116.94497">
        <ele>98.53</ele>
        <time>2026-04-03T18:11:23Z</time>
      </trkpt>
      <trkpt lat="32.73169" lon="-116.94495">
        <ele>98.46</ele>
        <time>2026-04-03T18:11:25Z</time>
      </trkpt>
      <trkpt lat="32.73171" lon="-116.94493">
        <ele>98.24</ele>
        <time>2026-04-03T18:11:27Z</time>
      </trkpt>
      <trkpt lat="32.73173" lon="-116.94491">
        <ele>98.03</ele>
        <time>2026-04-03T18:11:29Z</time>
      </trkpt>
      <trkpt lat="32.73175" lon="-116.94489">
        <ele>97.79</ele>
        <time>2026-04-03T18:11:31Z</time>
      </trkpt>
      <trkpt lat="32.73178" lon="-116.94487">
        <ele>97.6</ele>
        <time>2026-04-03T18:11:33Z</time>
      </trkpt>
      <trkpt lat="32.73181" lon="-116.94483">
        <ele>97.16</ele>
        <time>2026-04-03T18:11:36Z</time>
      </trkpt>
      <trkpt lat="32.73183" lon="-116.94481">
        <ele>96.94</ele>
        <time>2026-04-03T18:11:38Z</time>
      </trkpt>
      <trkpt lat="32.73185" lon="-116.94478">
        <ele>96.62</ele>
        <time>2026-04-03T18:11:40Z</time>
      </trkpt>
      <trkpt lat="32.73188" lon="-116.94475">
        <ele>96.3</ele>
        <time>2026-04-03T18:11:42Z</time>
      </trkpt>
      <trkpt lat="32.73191" lon="-116.94471">
        <ele>95.87</ele>
        <time>2026-04-03T18:11:45Z</time>
      </trkpt>
      <trkpt lat="32.73194" lon="-116.94469">
        <ele>95.65</ele>
        <time>2026-04-03T18:11:48Z</time>
      </trkpt>
      <trkpt lat="32.73198" lon="-116.94466">
        <ele>95.71</ele>
        <time>2026-04-03T18:11:51Z</time>
      </trkpt>
      <trkpt lat="32.73201" lon="-116.94463">
        <ele>95.71</ele>
        <time>2026-04-03T18:11:54Z</time>
      </trkpt>
      <trkpt lat="32.73205" lon="-116.94459">
        <ele>95.71</ele>
        <time>2026-04-03T18:11:57Z</time>
      </trkpt>
      <trkpt lat="32.73208" lon="-116.94455">
        <ele>95.6</ele>
        <time>2026-04-03T18:12:00Z</time>
      </trkpt>
      <trkpt lat="32.73212" lon="-116.94451">
        <ele>95.6</ele>
        <time>2026-04-03T18:12:04Z</time>
      </trkpt>
      <trkpt lat="32.73217" lon="-116.94446">
        <ele>95.53</ele>
        <time>2026-04-03T18:12:08Z</time>
      </trkpt>
      <trkpt lat="32.73222" lon="-116.94442">
        <ele>95.71</ele>
        <time>2026-04-03T18:12:13Z</time>
      </trkpt>
      <trkpt lat="32.73228" lon="-116.94437">
        <ele>95.2</ele>
        <time>2026-04-03T18:12:18Z</time>
      </trkpt>
      <trkpt lat="32.73234" lon="-116.94429">
        <ele>95.09</ele>
        <time>2026-04-03T18:12:24Z</time>
      </trkpt>
      <trkpt lat="32.73239" lon="-116.94424">
        <ele>94.96</ele>
        <time>2026-04-03T18:12:29Z</time>
      </trkpt>
      <trkpt lat="32.73244" lon="-116.94417">
        <ele>95.01</ele>
        <time>2026-04-03T18:12:34Z</time>
      </trkpt>
      <trkpt lat="32.73249" lon="-116.94411">
        <ele>94.93</ele>
        <time>2026-04-03T18:12:39Z</time>
      </trkpt>
      <trkpt lat="32.73253" lon="-116.94406">
        <ele>94.9</ele>
        <time>2026-04-03T18:12:43Z</time>
      </trkpt>
      <trkpt lat="32.73257" lon="-116.94401">
        <ele>94.83</ele>
        <time>2026-04-03T18:12:47Z</time>
      </trkpt>
      <trkpt lat="32.73261" lon="-116.94396">
        <ele>95.14</ele>
        <time>2026-04-03T18:12:51Z</time>
      </trkpt>
      <trkpt lat="32.73265" lon="-116.94392">
        <ele>95.21</ele>
        <time>2026-04-03T18:12:55Z</time>
      </trkpt>
      <trkpt lat="32.73269" lon="-116.94387">
        <ele>95.04</ele>
        <time>2026-04-03T18:12:59Z</time>
      </trkpt>
      <trkpt lat="32.73273" lon="-116.94382">
        <ele>95.12</ele>
        <time>2026-04-03T18:13:03Z</time>
      </trkpt>
      <trkpt lat="32.73277" lon="-116.94378">
        <ele>94.99</ele>
        <time>2026-04-03T18:13:07Z</time>
      </trkpt>
      <trkpt lat="32.73281" lon="-116.94374">
        <ele>95.35</ele>
        <time>2026-04-03T18:13:11Z</time>
      </trkpt>
      <trkpt lat="32.73286" lon="-116.94372">
        <ele>95.89</ele>
        <time>2026-04-03T18:13:16Z</time>
      </trkpt>
      <trkpt lat="32.73289" lon="-116.94379">
        <ele>96.21</ele>
        <time>2026-04-03T18:13:19Z</time>
      </trkpt>
      <trkpt lat="32.73292" lon="-116.94383">
        <ele>96.54</ele>
        <time>2026-04-03T18:13:22Z</time>
      </trkpt>
      <trkpt lat="32.73296" lon="-116.94383">
        <ele>96.97</ele>
        <time>2026-04-03T18:13:26Z</time>
      </trkpt>
      <trkpt lat="32.733" lon="-116.94382">
        <ele>97.3</ele>
        <time>2026-04-03T18:13:30Z</time>
      </trkpt>
      <trkpt lat="32.73305" lon="-116.94379">
        <ele>97.94</ele>
        <time>2026-04-03T18:13:34Z</time>
      </trkpt>
      <trkpt lat="32.73309" lon="-116.94377">
        <ele>98.0</ele>
        <time>2026-04-03T18:13:38Z</time>
      </trkpt>
      <trkpt lat="32.73313" lon="-116.94375">
        <ele>98.0</ele>
        <time>2026-04-03T18:13:42Z</time>
      </trkpt>
      <trkpt lat="32.73317" lon="-116.94373">
        <ele>98.24</ele>
        <time>2026-04-03T18:13:45Z</time>
      </trkpt>
      <trkpt lat="32.7332" lon="-116.94371">
        <ele>98.56</ele>
        <time>2026-04-03T18:13:48Z</time>
      </trkpt>
      <trkpt lat="32.73323" lon="-116.94368">
        <ele>98.91</ele>
        <time>2026-04-03T18:13:51Z</time>
      </trkpt>
      <trkpt lat="32.73325" lon="-116.94364">
        <ele>99.0</ele>
        <time>2026-04-03T18:13:53Z</time>
      </trkpt>
      <trkpt lat="32.73328" lon="-116.9436">
        <ele>99.0</ele>
        <time>2026-04-03T18:13:55Z</time>
      </trkpt>
      <trkpt lat="32.7333" lon="-116.94356">
        <ele>99.0</ele>
        <time>2026-04-03T18:13:57Z</time>
      </trkpt>
      <trkpt lat="32.73332" lon="-116.94353">
        <ele>99.0</ele>
        <time>2026-04-03T18:13:59Z</time>
      </trkpt>
      <trkpt lat="32.73335" lon="-116.94349">
        <ele>99.18</ele>
        <time>2026-04-03T18:14:02Z</time>
      </trkpt>
      <trkpt lat="32.73338" lon="-116.94345">
        <ele>99.5</ele>
        <time>2026-04-03T18:14:05Z</time>
      </trkpt>
      <trkpt lat="32.73341" lon="-116.94341">
        <ele>99.83</ele>
        <time>2026-04-03T18:14:08Z</time>
      </trkpt>
      <trkpt lat="32.73344" lon="-116.94337">
        <ele>100.0</ele>
        <time>2026-04-03T18:14:11Z</time>
      </trkpt>
      <trkpt lat="32.73347" lon="-116.94333">
        <ele>100.0</ele>
        <time>2026-04-03T18:14:14Z</time>
      </trkpt>
      <trkpt lat="32.7335" lon="-116.9433">
        <ele>100.0</ele>
        <time>2026-04-03T18:14:17Z</time>
      </trkpt>
      <trkpt lat="32.73353" lon="-116.94326">
        <ele>100.0</ele>
        <time>2026-04-03T18:14:20Z</time>
      </trkpt>
      <trkpt lat="32.73356" lon="-116.94323">
        <ele>100.0</ele>
        <time>2026-04-03T18:14:23Z</time>
      </trkpt>
      <trkpt lat="32.73359" lon="-116.94319">
        <ele>100.0</ele>
        <time>2026-04-03T18:14:26Z</time>
      </trkpt>
      <trkpt lat="32.73362" lon="-116.94315">
        <ele>100.0</ele>
        <time>2026-04-03T18:14:29Z</time>
      </trkpt>
      <trkpt lat="32.73362" lon="-116.94311">
        <ele>100.0</ele>
        <time>2026-04-03T18:14:33Z</time>
      </trkpt>
      <trkpt lat="32.73365" lon="-116.94305">
        <ele>100.0</ele>
        <time>2026-04-03T18:14:37Z</time>
      </trkpt>
      <trkpt lat="32.73368" lon="-116.94301">
        <ele>100.0</ele>
        <time>2026-04-03T18:14:40Z</time>
      </trkpt>
      <trkpt lat="32.73371" lon="-116.94297">
        <ele>100.01</ele>
        <time>2026-04-03T18:14:43Z</time>
      </trkpt>
      <trkpt lat="32.73372" lon="-116.94294">
        <ele>100.0</ele>
        <time>2026-04-03T18:14:46Z</time>
      </trkpt>
      <trkpt lat="32.73374" lon="-116.9429">
        <ele>100.0</ele>
        <time>2026-04-03T18:14:49Z</time>
      </trkpt>
      <trkpt lat="32.73377" lon="-116.94285">
        <ele>99.94</ele>
        <time>2026-04-03T18:14:53Z</time>
      </trkpt>
      <trkpt lat="32.73379" lon="-116.94281">
        <ele>99.96</ele>
        <time>2026-04-03T18:14:56Z</time>
      </trkpt>
      <trkpt lat="32.73381" lon="-116.94277">
        <ele>100.0</ele>
        <time>2026-04-03T18:14:59Z</time>
      </trkpt>
      <trkpt lat="32.73382" lon="-116.94273">
        <ele>100.0</ele>
        <time>2026-04-03T18:15:01Z</time>
      </trkpt>
      <trkpt lat="32.73384" lon="-116.94268">
        <ele>99.94</ele>
        <time>2026-04-03T18:15:03Z</time>
      </trkpt>
      <trkpt lat="32.73386" lon="-116.94264">
        <ele>99.51</ele>
        <time>2026-04-03T18:15:06Z</time>
      </trkpt>
      <trkpt lat="32.73389" lon="-116.9426">
        <ele>99.09</ele>
        <time>2026-04-03T18:15:10Z</time>
      </trkpt>
      <trkpt lat="32.73392" lon="-116.94256">
        <ele>99.34</ele>
        <time>2026-04-03T18:15:14Z</time>
      </trkpt>
      <trkpt lat="32.73395" lon="-116.94251">
        <ele>99.66</ele>
        <time>2026-04-03T18:15:18Z</time>
      </trkpt>
      <trkpt lat="32.73399" lon="-116.94245">
        <ele>99.51</ele>
        <time>2026-04-03T18:15:22Z</time>
      </trkpt>
      <trkpt lat="32.73402" lon="-116.94241">
        <ele>99.43</ele>
        <time>2026-04-03T18:15:26Z</time>
      </trkpt>
      <trkpt lat="32.73405" lon="-116.94236">
        <ele>99.36</ele>
        <time>2026-04-03T18:15:30Z</time>
      </trkpt>
      <trkpt lat="32.73407" lon="-116.94233">
        <ele>99.16</ele>
        <time>2026-04-03T18:15:33Z</time>
      </trkpt>
      <trkpt lat="32.73409" lon="-116.94229">
        <ele>99.17</ele>
        <time>2026-04-03T18:15:36Z</time>
      </trkpt>
      <trkpt lat="32.73412" lon="-116.94225">
        <ele>99.5</ele>
        <time>2026-04-03T18:15:39Z</time>
      </trkpt>
      <trkpt lat="32.73414" lon="-116.94222">
        <ele>99.71</ele>
        <time>2026-04-03T18:15:42Z</time>
      </trkpt>
      <trkpt lat="32.73416" lon="-116.94218">
        <ele>99.93</ele>
        <time>2026-04-03T18:15:45Z</time>
      </trkpt>
      <trkpt lat="32.73419" lon="-116.94214">
        <ele>100.0</ele>
        <time>2026-04-03T18:15:48Z</time>
      </trkpt>
      <trkpt lat="32.73421" lon="-116.94211">
        <ele>99.89</ele>
        <time>2026-04-03T18:15:51Z</time>
      </trkpt>
      <trkpt lat="32.73423" lon="-116.94207">
        <ele>99.8</ele>
        <time>2026-04-03T18:15:54Z</time>
      </trkpt>
      <trkpt lat="32.73425" lon="-116.94203">
        <ele>99.83</ele>
        <time>2026-04-03T18:15:57Z</time>
      </trkpt>
      <trkpt lat="32.73427" lon="-116.94199">
        <ele>99.55</ele>
        <time>2026-04-03T18:16:00Z</time>
      </trkpt>
      <trkpt lat="32.73428" lon="-116.94195">
        <ele>99.27</ele>
        <time>2026-04-03T18:16:03Z</time>
      </trkpt>
      <trkpt lat="32.73428" lon="-116.94191">
        <ele>99.14</ele>
        <time>2026-04-03T18:16:06Z</time>
      </trkpt>
      <trkpt lat="32.73428" lon="-116.94187">
        <ele>99.04</ele>
        <time>2026-04-03T18:16:09Z</time>
      </trkpt>
      <trkpt lat="32.73428" lon="-116.94182">
        <ele>98.66</ele>
        <time>2026-04-03T18:16:12Z</time>
      </trkpt>
      <trkpt lat="32.73429" lon="-116.94178">
        <ele>98.22</ele>
        <time>2026-04-03T18:16:15Z</time>
      </trkpt>
      <trkpt lat="32.73429" lon="-116.94173">
        <ele>98.0</ele>
        <time>2026-04-03T18:16:18Z</time>
      </trkpt>
      <trkpt lat="32.7343" lon="-116.94169">
        <ele>98.0</ele>
        <time>2026-04-03T18:16:21Z</time>
      </trkpt>
      <trkpt lat="32.73432" lon="-116.94164">
        <ele>98.19</ele>
        <time>2026-04-03T18:16:24Z</time>
      </trkpt>
      <trkpt lat="32.73434" lon="-116.9416">
        <ele>98.63</ele>
        <time>2026-04-03T18:16:27Z</time>
      </trkpt>
      <trkpt lat="32.73437" lon="-116.94156">
        <ele>99.0</ele>
        <time>2026-04-03T18:16:30Z</time>
      </trkpt>
      <trkpt lat="32.7344" lon="-116.94153">
        <ele>99.0</ele>
        <time>2026-04-03T18:16:32Z</time>
      </trkpt>
      <trkpt lat="32.73444" lon="-116.9415">
        <ele>99.0</ele>
        <time>2026-04-03T18:16:34Z</time>
      </trkpt>
      <trkpt lat="32.73447" lon="-116.94147">
        <ele>99.0</ele>
        <time>2026-04-03T18:16:36Z</time>
      </trkpt>
      <trkpt lat="32.7345" lon="-116.94145">
        <ele>99.0</ele>
        <time>2026-04-03T18:16:38Z</time>
      </trkpt>
      <trkpt lat="32.73452" lon="-116.94141">
        <ele>99.0</ele>
        <time>2026-04-03T18:16:41Z</time>
      </trkpt>
      <trkpt lat="32.73453" lon="-116.94137">
        <ele>98.98</ele>
        <time>2026-04-03T18:16:44Z</time>
      </trkpt>
      <trkpt lat="32.73453" lon="-116.94133">
        <ele>98.95</ele>
        <time>2026-04-03T18:16:47Z</time>
      </trkpt>
      <trkpt lat="32.73452" lon="-116.94129">
        <ele>98.82</ele>
        <time>2026-04-03T18:16:50Z</time>
      </trkpt>
      <trkpt lat="32.7345" lon="-116.94125">
        <ele>98.6</ele>
        <time>2026-04-03T18:16:53Z</time>
      </trkpt>
      <trkpt lat="32.73448" lon="-116.94121">
        <ele>98.38</ele>
        <time>2026-04-03T18:16:56Z</time>
      </trkpt>
      <trkpt lat="32.73446" lon="-116.94117">
        <ele>98.47</ele>
        <time>2026-04-03T18:16:59Z</time>
      </trkpt>
      <trkpt lat="32.73442" lon="-116.94113">
        <ele>98.59</ele>
        <time>2026-04-03T18:17:02Z</time>
      </trkpt>
      <trkpt lat="32.73439" lon="-116.9411">
        <ele>98.48</ele>
        <time>2026-04-03T18:17:05Z</time>
      </trkpt>
      <trkpt lat="32.73436" lon="-116.94107">
        <ele>98.49</ele>
        <time>2026-04-03T18:17:08Z</time>
      </trkpt>
      <trkpt lat="32.73433" lon="-116.94109">
        <ele>98.23</ele>
        <time>2026-04-03T18:17:11Z</time>
      </trkpt>
      <trkpt lat="32.7343" lon="-116.9411">
        <ele>98.12</ele>
        <time>2026-04-03T18:17:14Z</time>
      </trkpt>
      <trkpt lat="32.73427" lon="-116.94109">
        <ele>98.23</ele>
        <time>2026-04-03T18:17:18Z</time>
      </trkpt>
      <trkpt lat="32.73428" lon="-116.94106">
        <ele>98.55</ele>
        <time>2026-04-03T18:17:25Z</time>
      </trkpt>
      <trkpt lat="32.73428" lon="-116.94102">
        <ele>98.98</ele>
        <time>2026-04-03T18:17:40Z</time>
      </trkpt>
      <trkpt lat="32.73431" lon="-116.941">
        <ele>98.8</ele>
        <time>2026-04-03T18:20:01Z</time>
      </trkpt>
    </trkseg>
  </trk>
</gpx>
